fixture_id,season,match_date,home_team_name,away_team_name,home_goals,away_goals,home_corners,away_corners,home_yellow_cards,away_yellow_cards,home_red_cards,away_red_cards,home_total_shots,away_total_shots,home_shots_on_target,away_shots_on_target,home_fouls,away_fouls,home_offsides,away_offsides,source,manual_verification_status,official_reference_url,review_notes
1435770257,2025,2026-05-21,Kifisia,Larisa,3,2,6,2,1,1,0,0,21,16,10,4,8,12,,,Football-Data.co.uk,PENDING_MANUAL_REVIEW,,
1226289943,2025,2026-05-21,Panetolikos,Asteras Tripolis,1,2,5,7,1,5,0,1,19,11,7,6,14,15,,,Football-Data.co.uk,PENDING_MANUAL_REVIEW,,
1710982860,2025,2026-05-21,Atromitos,Panserraikos,6,0,3,4,0,0,0,0,15,5,9,0,15,10,,,Football-Data.co.uk,PENDING_MANUAL_REVIEW,,
1394033747,2025,2026-05-17,Panathinaikos,PAOK,2,2,10,6,2,2,0,0,17,17,7,5,12,8,,,Football-Data.co.uk,PENDING_MANUAL_REVIEW,,
1263651456,2025,2026-05-17,AEK Athens FC,Olympiakos Piraeus,1,1,4,3,3,3,0,0,11,13,4,5,16,15,,,Football-Data.co.uk,PENDING_MANUAL_REVIEW,,
1722486861,2025,2026-05-17,Aris Thessalonikis,Levadeiakos,3,0,11,0,2,6,0,1,21,5,10,1,23,15,,,Football-Data.co.uk,PENDING_MANUAL_REVIEW,,
1328609271,2025,2026-05-17,OFI,Volos NFC,3,1,4,3,3,2,0,0,20,15,4,3,13,12,,,Football-Data.co.uk,PENDING_MANUAL_REVIEW,,
1801918732,2025,2026-05-17,Panserraikos,Panetolikos,1,1,4,2,3,2,0,0,14,12,4,3,10,14,,,Football-Data.co.uk,PENDING_MANUAL_REVIEW,,
1509279170,2025,2026-05-16,Larisa,Atromitos,2,1,3,6,1,4,0,0,11,14,5,6,12,20,,,Football-Data.co.uk,PENDING_MANUAL_REVIEW,,
1499700316,2025,2026-05-16,Asteras Tripolis,Kifisia,0,0,11,2,1,5,0,0,25,8,4,2,6,19,,,Football-Data.co.uk,PENDING_MANUAL_REVIEW,,
1771255028,2025,2026-05-13,PAOK,AEK Athens FC,1,1,8,5,3,1,0,0,15,13,4,4,11,11,,,Football-Data.co.uk,PENDING_MANUAL_REVIEW,,
1511343519,2025,2026-05-13,Olympiakos Piraeus,Panathinaikos,1,0,5,0,2,1,0,0,15,5,5,0,19,12,,,Football-Data.co.uk,PENDING_MANUAL_REVIEW,,
1425190094,2025,2026-05-13,Volos NFC,Aris Thessalonikis,1,2,4,2,1,1,0,0,7,14,2,6,10,11,,,Football-Data.co.uk,PENDING_MANUAL_REVIEW,,
1245082032,2025,2026-05-13,Levadeiakos,OFI,3,2,5,1,4,8,0,1,18,10,7,3,18,19,,,Football-Data.co.uk,PENDING_MANUAL_REVIEW,,
1829186097,2025,2026-05-12,Asteras Tripolis,Panserraikos,1,0,11,2,4,3,1,2,7,4,1,2,18,11,,,Football-Data.co.uk,PENDING_MANUAL_REVIEW,,
1527905895,2025,2026-05-12,Panetolikos,Larisa,1,1,11,1,2,1,0,0,17,7,6,3,13,11,,,Football-Data.co.uk,PENDING_MANUAL_REVIEW,,
1239024892,2025,2026-05-12,Kifisia,Atromitos,0,3,5,9,0,1,0,0,10,10,4,5,13,11,,,Football-Data.co.uk,PENDING_MANUAL_REVIEW,,
1721323440,2025,2026-05-10,AEK Athens FC,Panathinaikos,2,1,8,1,4,3,0,0,17,10,6,3,11,16,,,Football-Data.co.uk,PENDING_MANUAL_REVIEW,,
1682047084,2025,2026-05-10,Olympiakos Piraeus,PAOK,1,1,5,1,1,6,0,0,25,8,7,2,7,10,,,Football-Data.co.uk,PENDING_MANUAL_REVIEW,,
1544955641,2025,2026-05-10,Aris Thessalonikis,OFI,3,1,5,5,1,1,0,0,15,15,5,5,13,9,,,Football-Data.co.uk,PENDING_MANUAL_REVIEW,,
1206349402,2025,2026-05-10,Volos NFC,Levadeiakos,0,3,4,1,2,1,0,1,9,14,2,5,21,12,,,Football-Data.co.uk,PENDING_MANUAL_REVIEW,,
1940461860,2025,2026-05-09,Atromitos,Panetolikos,1,2,4,3,1,3,0,0,10,10,3,4,15,17,,,Football-Data.co.uk,PENDING_MANUAL_REVIEW,,
1867776107,2025,2026-05-09,Larisa,Asteras Tripolis,1,1,6,4,3,5,0,0,17,9,4,3,12,14,,,Football-Data.co.uk,PENDING_MANUAL_REVIEW,,
1924007318,2025,2026-05-09,Panserraikos,Kifisia,1,2,6,1,2,3,0,0,11,11,3,4,11,22,,,Football-Data.co.uk,PENDING_MANUAL_REVIEW,,
1798510520,2025,2026-05-03,Panathinaikos,AEK Athens FC,0,0,2,7,1,6,1,0,9,14,5,4,13,19,,,Football-Data.co.uk,PENDING_MANUAL_REVIEW,,
1403775923,2025,2026-05-03,PAOK,Olympiakos Piraeus,3,1,3,9,1,1,0,0,7,17,6,5,12,7,,,Football-Data.co.uk,PENDING_MANUAL_REVIEW,,
1767444472,2025,2026-05-03,OFI,Aris Thessalonikis,0,2,3,7,2,4,0,0,11,11,1,3,8,21,,,Football-Data.co.uk,PENDING_MANUAL_REVIEW,,
1676290478,2025,2026-05-03,Levadeiakos,Volos NFC,5,2,3,4,2,2,0,1,12,12,9,7,15,14,,,Football-Data.co.uk,PENDING_MANUAL_REVIEW,,
1496318518,2025,2026-05-02,Asteras Tripolis,Atromitos,4,2,4,4,1,3,0,0,12,12,9,3,17,14,,,Football-Data.co.uk,PENDING_MANUAL_REVIEW,,
1962276695,2025,2026-05-02,Panserraikos,Larisa,1,1,5,2,2,7,0,1,11,6,3,3,4,18,,,Football-Data.co.uk,PENDING_MANUAL_REVIEW,,
1887319387,2025,2026-05-02,Panetolikos,Kifisia,0,1,5,2,6,4,0,0,6,11,2,4,14,19,,,Football-Data.co.uk,PENDING_MANUAL_REVIEW,,
1868064010,2025,2026-04-26,Larisa,Panserraikos,0,1,4,2,4,5,0,0,11,4,2,3,13,21,,,Football-Data.co.uk,PENDING_MANUAL_REVIEW,,
1270527438,2025,2026-04-26,Atromitos,Asteras Tripolis,2,1,5,10,1,1,0,0,13,13,8,4,11,14,,,Football-Data.co.uk,PENDING_MANUAL_REVIEW,,
1709076098,2025,2026-04-26,Kifisia,Panetolikos,0,0,3,1,3,4,0,0,21,4,9,1,18,20,,,Football-Data.co.uk,PENDING_MANUAL_REVIEW,,
1890726012,2025,2026-04-22,Asteras Tripolis,Panetolikos,2,1,1,2,5,1,0,0,17,6,5,5,15,9,,,Football-Data.co.uk,PENDING_MANUAL_REVIEW,,
1344066551,2025,2026-04-22,Larisa,Kifisia,1,1,8,4,1,2,0,0,13,14,3,4,17,16,,,Football-Data.co.uk,PENDING_MANUAL_REVIEW,,
1522287576,2025,2026-04-22,Panserraikos,Atromitos,0,4,6,7,5,1,0,0,8,14,1,7,14,8,,,Football-Data.co.uk,PENDING_MANUAL_REVIEW,,
1865352360,2025,2026-04-19,Panathinaikos,Olympiakos Piraeus,0,2,3,1,4,4,0,0,16,7,4,3,9,19,,,Football-Data.co.uk,PENDING_MANUAL_REVIEW,,
1216326900,2025,2026-04-19,AEK Athens FC,PAOK,3,0,6,3,1,3,0,0,20,8,6,0,25,12,,,Football-Data.co.uk,PENDING_MANUAL_REVIEW,,
1309911898,2025,2026-04-18,Panetolikos,Panserraikos,2,3,2,0,0,0,0,0,11,6,7,4,12,15,,,Football-Data.co.uk,PENDING_MANUAL_REVIEW,,
1884625681,2025,2026-04-18,Aris Thessalonikis,Volos NFC,3,2,4,5,5,5,0,0,22,11,9,4,8,16,,,Football-Data.co.uk,PENDING_MANUAL_REVIEW,,
1823099735,2025,2026-04-18,OFI,Levadeiakos,2,0,3,1,1,5,0,0,14,12,5,6,14,17,,,Football-Data.co.uk,PENDING_MANUAL_REVIEW,,
1769141527,2025,2026-04-18,Atromitos,Larisa,3,2,2,4,5,1,1,0,10,18,4,7,8,13,,,Football-Data.co.uk,PENDING_MANUAL_REVIEW,,
1347849857,2025,2026-04-18,Kifisia,Asteras Tripolis,0,0,4,1,1,2,0,0,13,3,4,0,10,10,,,Football-Data.co.uk,PENDING_MANUAL_REVIEW,,
1648891930,2025,2026-04-08,Atromitos,Kifisia,0,0,4,2,2,6,0,1,12,6,1,3,15,20,,,Football-Data.co.uk,PENDING_MANUAL_REVIEW,,
1592711608,2025,2026-04-08,Panserraikos,Asteras Tripolis,0,0,6,4,2,2,0,0,10,4,3,1,16,12,,,Football-Data.co.uk,PENDING_MANUAL_REVIEW,,
1878879178,2025,2026-04-08,Larisa,Panetolikos,1,2,5,1,2,3,1,0,13,8,4,3,15,16,,,Football-Data.co.uk,PENDING_MANUAL_REVIEW,,
1338935412,2025,2026-04-05,Olympiakos Piraeus,AEK Athens FC,0,1,5,3,1,2,0,0,6,7,1,1,12,16,,,Football-Data.co.uk,PENDING_MANUAL_REVIEW,,
1805212273,2025,2026-04-05,PAOK,Panathinaikos,0,0,2,4,2,1,0,0,7,9,1,2,19,15,,,Football-Data.co.uk,PENDING_MANUAL_REVIEW,,
1708911550,2025,2026-04-05,Levadeiakos,Aris Thessalonikis,1,1,4,3,1,3,0,0,9,13,2,3,15,17,,,Football-Data.co.uk,PENDING_MANUAL_REVIEW,,
1351675970,2025,2026-04-05,Volos NFC,OFI,1,1,3,5,4,1,0,0,9,15,4,6,18,14,,,Football-Data.co.uk,PENDING_MANUAL_REVIEW,,
1599336195,2025,2026-04-04,Panetolikos,Atromitos,1,1,3,10,2,2,0,0,9,10,3,4,10,19,,,Football-Data.co.uk,PENDING_MANUAL_REVIEW,,
1465612119,2025,2026-04-04,Asteras Tripolis,Larisa,3,1,4,8,1,2,0,0,11,11,4,4,15,3,,,Football-Data.co.uk,PENDING_MANUAL_REVIEW,,
1239815668,2025,2026-04-04,Kifisia,Panserraikos,1,2,9,1,5,2,0,0,16,6,6,3,23,14,,,Football-Data.co.uk,PENDING_MANUAL_REVIEW,,
1933816909,2025,2026-03-22,Levadeiakos,Atromitos,1,0,3,4,4,3,0,0,10,13,3,4,15,27,,,Football-Data.co.uk,PENDING_MANUAL_REVIEW,,
1731738213,2025,2026-03-22,AEK Athens FC,Kifisia,3,0,3,5,1,4,0,0,12,14,5,4,15,17,,,Football-Data.co.uk,PENDING_MANUAL_REVIEW,,
1632406366,2025,2026-03-22,Volos NFC,PAOK,2,1,3,6,4,0,0,0,9,9,3,4,11,9,,,Football-Data.co.uk,PENDING_MANUAL_REVIEW,,
1600094423,2025,2026-03-22,Asteras Tripolis,Panathinaikos,1,2,2,5,1,1,0,0,8,12,2,5,13,17,,,Football-Data.co.uk,PENDING_MANUAL_REVIEW,,
1540899170,2025,2026-03-22,Aris Thessalonikis,OFI,0,2,7,3,4,3,0,0,35,8,10,4,13,14,,,Football-Data.co.uk,PENDING_MANUAL_REVIEW,,
1317300727,2025,2026-03-22,Panetolikos,Panserraikos,0,0,9,1,2,2,0,0,22,9,3,1,10,7,,,Football-Data.co.uk,PENDING_MANUAL_REVIEW,,
1258131420,2025,2026-03-22,Olympiakos Piraeus,Larisa,0,0,10,0,0,3,0,0,35,3,7,2,15,10,,,Football-Data.co.uk,PENDING_MANUAL_REVIEW,,
1554457732,2025,2026-03-15,Panathinaikos,Panetolikos,0,0,5,6,0,1,0,0,17,11,6,3,10,14,,,Football-Data.co.uk,PENDING_MANUAL_REVIEW,,
1570103930,2025,2026-03-15,Atromitos,AEK Athens FC,2,2,1,7,2,2,0,0,12,14,6,6,20,17,,,Football-Data.co.uk,PENDING_MANUAL_REVIEW,,
1797908767,2025,2026-03-15,PAOK,Levadeiakos,3,0,9,4,2,2,0,0,9,3,3,1,15,9,,,Football-Data.co.uk,PENDING_MANUAL_REVIEW,,
1276087230,2025,2026-03-15,Kifisia,Volos NFC,2,0,3,6,2,3,0,0,12,11,7,2,21,15,,,Football-Data.co.uk,PENDING_MANUAL_REVIEW,,
1597895152,2025,2026-03-14,Larisa,Asteras Tripolis,1,1,6,5,3,2,0,0,15,15,4,3,14,16,,,Football-Data.co.uk,PENDING_MANUAL_REVIEW,,
1914984622,2025,2026-03-14,Panserraikos,Aris Thessalonikis,0,0,6,6,1,1,0,1,13,9,5,2,11,17,,,Football-Data.co.uk,PENDING_MANUAL_REVIEW,,
1245020071,2025,2026-03-14,OFI,Olympiakos Piraeus,0,3,0,1,2,3,0,0,2,14,1,7,13,15,,,Football-Data.co.uk,PENDING_MANUAL_REVIEW,,
1861278878,2025,2026-03-09,Panetolikos,Kifisia,2,1,6,5,3,2,1,0,14,9,5,1,13,12,,,Football-Data.co.uk,PENDING_MANUAL_REVIEW,,
1566849794,2025,2026-03-08,Olympiakos Piraeus,PAOK,0,0,8,3,1,1,0,0,19,5,2,1,9,11,,,Football-Data.co.uk,PENDING_MANUAL_REVIEW,,
1207885534,2025,2026-03-08,Levadeiakos,Panathinaikos,1,4,3,3,2,3,0,0,7,14,2,8,13,19,,,Football-Data.co.uk,PENDING_MANUAL_REVIEW,,
1931501610,2025,2026-03-08,Volos NFC,OFI,1,1,9,4,1,3,0,0,16,12,6,3,11,11,,,Football-Data.co.uk,PENDING_MANUAL_REVIEW,,
1304708613,2025,2026-03-08,Asteras Tripolis,Panserraikos,0,1,4,2,2,4,1,0,8,10,0,6,18,16,,,Football-Data.co.uk,PENDING_MANUAL_REVIEW,,
1350570778,2025,2026-03-07,AEK Athens FC,Larisa,1,0,7,3,2,3,0,0,20,9,8,2,13,14,,,Football-Data.co.uk,PENDING_MANUAL_REVIEW,,
1985271977,2025,2026-03-07,Aris Thessalonikis,Atromitos,0,0,2,8,0,3,1,0,7,11,3,1,17,18,,,Football-Data.co.uk,PENDING_MANUAL_REVIEW,,
1373239367,2025,2026-03-04,Kifisia,PAOK,1,4,1,2,1,2,0,0,7,9,4,4,18,22,,,Football-Data.co.uk,PENDING_MANUAL_REVIEW,,
1880633628,2025,2026-03-04,Panathinaikos,OFI,4,1,5,0,1,3,0,0,18,4,14,2,14,9,,,Football-Data.co.uk,PENDING_MANUAL_REVIEW,,
1934401455,2025,2026-03-01,Panathinaikos,Aris Thessalonikis,3,1,1,5,2,3,0,0,10,13,3,1,12,13,,,Football-Data.co.uk,PENDING_MANUAL_REVIEW,,
1550094270,2025,2026-03-01,PAOK,Asteras Tripolis,2,0,6,1,0,2,0,0,22,3,9,1,11,18,,,Football-Data.co.uk,PENDING_MANUAL_REVIEW,,
1615517035,2025,2026-03-01,Volos NFC,AEK Athens FC,2,2,1,7,6,3,0,0,6,17,4,5,18,20,,,Football-Data.co.uk,PENDING_MANUAL_REVIEW,,
1629857862,2025,2026-03-01,Panserraikos,Olympiakos Piraeus,1,2,1,5,1,1,0,0,4,21,2,10,8,12,,,Football-Data.co.uk,PENDING_MANUAL_REVIEW,,
1403660464,2025,2026-02-28,Kifisia,Levadeiakos,1,0,3,5,6,2,0,0,9,8,2,2,21,16,,,Football-Data.co.uk,PENDING_MANUAL_REVIEW,,
1243952345,2025,2026-02-28,Atromitos,Panetolikos,1,0,4,0,5,3,0,0,9,6,3,4,14,20,,,Football-Data.co.uk,PENDING_MANUAL_REVIEW,,
1782813817,2025,2026-02-28,OFI,Larisa,3,0,4,7,0,4,0,0,9,10,4,4,13,20,,,Football-Data.co.uk,PENDING_MANUAL_REVIEW,,
1634512445,2025,2026-02-22,AEK Athens FC,Levadeiakos,4,0,3,3,3,2,0,0,15,6,5,1,20,17,,,Football-Data.co.uk,PENDING_MANUAL_REVIEW,,
1667734072,2025,2026-02-22,Aris Thessalonikis,Kifisia,1,1,9,3,3,3,0,0,24,14,5,4,17,19,,,Football-Data.co.uk,PENDING_MANUAL_REVIEW,,
1367241619,2025,2026-02-22,Larisa,PAOK,1,1,4,5,4,0,0,0,6,10,2,1,13,12,,,Football-Data.co.uk,PENDING_MANUAL_REVIEW,,
1678930742,2025,2026-02-22,OFI,Panathinaikos,0,2,2,7,2,3,1,0,4,12,3,4,15,20,,,Football-Data.co.uk,PENDING_MANUAL_REVIEW,,
1290739862,2025,2026-02-22,Panserraikos,Volos NFC,2,1,2,3,1,3,0,0,7,12,2,3,16,17,,,Football-Data.co.uk,PENDING_MANUAL_REVIEW,,
1537725653,2025,2026-02-21,Olympiakos Piraeus,Panetolikos,2,0,12,4,1,2,0,0,27,5,9,1,12,13,,,Football-Data.co.uk,PENDING_MANUAL_REVIEW,,
1406877038,2025,2026-02-21,Asteras Tripolis,Atromitos,1,2,6,6,2,1,0,0,15,8,4,3,20,12,,,Football-Data.co.uk,PENDING_MANUAL_REVIEW,,
1350449518,2025,2026-02-16,Atromitos,Panserraikos,2,2,4,3,3,3,0,1,15,6,4,4,16,18,,,Football-Data.co.uk,PENDING_MANUAL_REVIEW,,
1974470462,2025,2026-02-15,Panathinaikos,Larisa,1,1,4,1,3,2,0,0,16,8,4,3,19,15,,,Football-Data.co.uk,PENDING_MANUAL_REVIEW,,
1597132143,2025,2026-02-15,PAOK,AEK Athens FC,0,0,7,5,4,4,0,0,8,12,1,1,12,12,,,Football-Data.co.uk,PENDING_MANUAL_REVIEW,,
1357805459,2025,2026-02-15,Kifisia,OFI,2,2,4,2,3,2,0,0,25,6,10,3,19,19,,,Football-Data.co.uk,PENDING_MANUAL_REVIEW,,
1391623983,2025,2026-02-14,Volos NFC,Aris Thessalonikis,1,1,4,1,2,3,0,1,16,4,4,1,14,13,,,Football-Data.co.uk,PENDING_MANUAL_REVIEW,,
1726629493,2025,2026-02-14,Levadeiakos,Olympiakos Piraeus,0,0,2,8,3,1,1,0,3,23,2,3,9,16,,,Football-Data.co.uk,PENDING_MANUAL_REVIEW,,
1202716565,2025,2026-02-14,Panetolikos,Asteras Tripolis,3,1,6,2,2,2,0,0,16,7,4,3,10,10,,,Football-Data.co.uk,PENDING_MANUAL_REVIEW,,
1676687139,2025,2026-02-08,Olympiakos Piraeus,Panathinaikos,0,1,2,2,1,3,0,0,12,7,3,4,12,12,,,Football-Data.co.uk,PENDING_MANUAL_REVIEW,,
1883186886,2025,2026-02-08,Aris Thessalonikis,PAOK,0,0,4,4,4,3,0,0,8,13,2,4,12,10,,,Football-Data.co.uk,PENDING_MANUAL_REVIEW,,
1893167203,2025,2026-02-08,OFI,Levadeiakos,3,2,3,6,1,2,0,0,11,9,5,4,17,14,,,Football-Data.co.uk,PENDING_MANUAL_REVIEW,,
1781329566,2025,2026-02-08,Panserraikos,AEK Athens FC,0,4,0,9,4,3,1,0,3,20,1,6,11,11,,,Football-Data.co.uk,PENDING_MANUAL_REVIEW,,
1202551872,2025,2026-02-07,Kifisia,Atromitos,0,1,4,4,0,2,0,0,11,7,2,4,12,17,,,Football-Data.co.uk,PENDING_MANUAL_REVIEW,,
1307820001,2025,2026-02-07,Asteras Tripolis,Volos NFC,2,0,11,5,1,3,0,0,9,12,2,1,10,19,,,Football-Data.co.uk,PENDING_MANUAL_REVIEW,,
1586526609,2025,2026-02-07,Larisa,Panetolikos,1,4,5,2,4,2,0,0,11,8,2,5,17,19,,,Football-Data.co.uk,PENDING_MANUAL_REVIEW,,
1788311755,2025,2026-02-04,Asteras Tripolis,Olympiakos Piraeus,0,3,0,7,1,2,0,0,3,20,2,9,15,19,,,Football-Data.co.uk,PENDING_MANUAL_REVIEW,,
1661342286,2025,2026-02-01,AEK Athens FC,Olympiakos Piraeus,1,1,3,1,3,5,0,0,9,11,4,6,14,21,,,Football-Data.co.uk,PENDING_MANUAL_REVIEW,,
1724538495,2025,2026-02-01,PAOK,Panserraikos,4,1,6,1,0,0,0,0,13,5,6,1,7,8,,,Football-Data.co.uk,PENDING_MANUAL_REVIEW,,
1703552118,2025,2026-02-01,Panathinaikos,Kifisia,3,0,4,5,2,7,0,1,14,7,6,4,14,24,,,Football-Data.co.uk,PENDING_MANUAL_REVIEW,,
1554193182,2025,2026-02-01,Levadeiakos,Asteras Tripolis,3,1,3,6,3,4,0,0,10,18,4,5,18,22,,,Football-Data.co.uk,PENDING_MANUAL_REVIEW,,
1570856257,2025,2026-01-31,Volos NFC,Larisa,0,2,7,4,1,0,1,0,12,18,2,7,15,22,,,Football-Data.co.uk,PENDING_MANUAL_REVIEW,,
1985678182,2025,2026-01-31,Atromitos,OFI,1,2,8,2,2,3,0,0,15,6,1,4,14,14,,,Football-Data.co.uk,PENDING_MANUAL_REVIEW,,
1601291432,2025,2026-01-31,Panetolikos,Aris Thessalonikis,0,1,1,5,1,2,1,0,1,22,1,7,12,19,,,Football-Data.co.uk,PENDING_MANUAL_REVIEW,,
1208443187,2025,2026-01-25,Atromitos,Panathinaikos,0,0,1,2,2,2,0,0,11,9,4,3,16,17,,,Football-Data.co.uk,PENDING_MANUAL_REVIEW,,
1307827690,2025,2026-01-25,OFI,Panetolikos,1,0,4,5,1,3,0,1,14,11,5,5,16,13,,,Football-Data.co.uk,PENDING_MANUAL_REVIEW,,
1578424303,2025,2026-01-25,Aris Thessalonikis,Levadeiakos,2,2,7,6,6,5,0,0,19,8,6,2,17,15,,,Football-Data.co.uk,PENDING_MANUAL_REVIEW,,
1924300559,2025,2026-01-24,Larisa,Panserraikos,1,0,5,1,5,4,0,1,16,3,8,1,18,13,,,Football-Data.co.uk,PENDING_MANUAL_REVIEW,,
1766548640,2025,2026-01-24,Asteras Tripolis,AEK Athens FC,0,1,10,8,2,4,0,0,15,9,2,2,8,18,,,Football-Data.co.uk,PENDING_MANUAL_REVIEW,,
1576533959,2025,2026-01-24,Olympiakos Piraeus,Volos NFC,1,0,13,3,0,0,0,0,17,6,4,3,11,10,,,Football-Data.co.uk,PENDING_MANUAL_REVIEW,,
1317955761,2025,2026-01-19,Volos NFC,Atromitos,0,3,3,4,6,3,0,0,7,15,1,9,15,18,,,Football-Data.co.uk,PENDING_MANUAL_REVIEW,,
1649900620,2025,2026-01-19,Panetolikos,Levadeiakos,1,3,6,5,2,2,0,0,16,11,3,6,14,13,,,Football-Data.co.uk,PENDING_MANUAL_REVIEW,,
1683884253,2025,2026-01-18,AEK Athens FC,Panathinaikos,4,0,2,3,1,1,0,0,12,12,5,3,17,13,,,Football-Data.co.uk,PENDING_MANUAL_REVIEW,,
1860253844,2025,2026-01-18,PAOK,OFI,3,0,6,0,1,3,0,0,12,3,5,1,14,8,,,Football-Data.co.uk,PENDING_MANUAL_REVIEW,,
1414010775,2025,2026-01-18,Larisa,Aris Thessalonikis,1,0,4,6,5,4,0,0,12,7,5,1,26,21,,,Football-Data.co.uk,PENDING_MANUAL_REVIEW,,
1517734201,2025,2026-01-17,Panserraikos,Kifisia,2,1,7,3,4,3,0,0,16,8,12,3,22,17,,,Football-Data.co.uk,PENDING_MANUAL_REVIEW,,
1246285364,2025,2026-01-11,Panathinaikos,Panserraikos,3,0,10,1,1,5,0,1,19,4,10,2,13,12,,,Football-Data.co.uk,PENDING_MANUAL_REVIEW,,
1600539196,2025,2026-01-11,Aris Thessalonikis,AEK Athens FC,1,1,7,4,3,2,0,0,10,8,4,2,14,13,,,Football-Data.co.uk,PENDING_MANUAL_REVIEW,,
1526735864,2025,2026-01-11,OFI,Asteras Tripolis,4,0,2,6,1,3,0,1,18,15,7,3,15,13,,,Football-Data.co.uk,PENDING_MANUAL_REVIEW,,
1914454462,2025,2026-01-11,Levadeiakos,Volos NFC,3,1,1,3,1,3,0,0,14,13,6,2,11,16,,,Football-Data.co.uk,PENDING_MANUAL_REVIEW,,
1967478506,2025,2026-01-10,Panetolikos,PAOK,0,3,5,8,3,1,0,0,2,23,1,8,14,13,,,Football-Data.co.uk,PENDING_MANUAL_REVIEW,,
1711674380,2025,2026-01-10,Atromitos,Olympiakos Piraeus,0,2,2,5,3,2,0,0,4,9,2,5,16,15,,,Football-Data.co.uk,PENDING_MANUAL_REVIEW,,
1629348454,2025,2026-01-10,Kifisia,Larisa,1,1,4,4,4,4,0,1,23,13,6,7,18,14,,,Football-Data.co.uk,PENDING_MANUAL_REVIEW,,
1754912350,2025,2025-12-22,Panserraikos,Levadeiakos,0,2,2,7,2,2,2,0,8,17,1,6,14,10,,,Football-Data.co.uk,PENDING_MANUAL_REVIEW,,
1900041139,2025,2025-12-21,AEK Athens FC,OFI,2,1,5,3,4,4,0,0,15,12,5,3,20,15,,,Football-Data.co.uk,PENDING_MANUAL_REVIEW,,
1596615408,2025,2025-12-21,PAOK,Panathinaikos,2,0,7,3,1,3,0,0,16,3,11,1,13,11,,,Football-Data.co.uk,PENDING_MANUAL_REVIEW,,
1592752831,2025,2025-12-21,Larisa,Atromitos,0,0,1,4,2,5,0,0,4,9,2,0,19,18,,,Football-Data.co.uk,PENDING_MANUAL_REVIEW,,
1790340141,2025,2025-12-20,Olympiakos Piraeus,Kifisia,1,1,18,1,0,5,0,1,29,5,6,1,11,18,,,Football-Data.co.uk,PENDING_MANUAL_REVIEW,,
1785576619,2025,2025-12-20,Volos NFC,Panetolikos,1,0,4,9,3,1,0,0,9,14,3,4,13,14,,,Football-Data.co.uk,PENDING_MANUAL_REVIEW,,
1306002108,2025,2025-12-20,Asteras Tripolis,Aris Thessalonikis,0,1,7,3,3,3,0,0,7,11,4,1,12,19,,,Football-Data.co.uk,PENDING_MANUAL_REVIEW,,
1617000192,2025,2025-12-14,Panathinaikos,Volos NFC,2,1,6,5,3,6,0,0,7,11,2,4,21,17,,,Football-Data.co.uk,PENDING_MANUAL_REVIEW,,
1515640925,2025,2025-12-14,Aris Thessalonikis,Olympiakos Piraeus,0,0,3,5,5,3,1,1,12,15,0,5,7,12,,,Football-Data.co.uk,PENDING_MANUAL_REVIEW,,
1599627515,2025,2025-12-14,Atromitos,PAOK,2,0,3,9,3,1,0,0,7,11,2,2,16,11,,,Football-Data.co.uk,PENDING_MANUAL_REVIEW,,
1807073033,2025,2025-12-14,Panetolikos,AEK Athens FC,0,5,2,3,2,2,0,0,5,13,0,10,13,14,,,Football-Data.co.uk,PENDING_MANUAL_REVIEW,,
1282631147,2025,2025-12-13,Kifisia,Asteras Tripolis,0,0,6,4,1,3,0,0,20,9,6,3,17,10,,,Football-Data.co.uk,PENDING_MANUAL_REVIEW,,
1910105691,2025,2025-12-13,OFI,Panserraikos,3,0,8,5,4,3,0,0,11,8,4,3,16,12,,,Football-Data.co.uk,PENDING_MANUAL_REVIEW,,
1802376992,2025,2025-12-13,Levadeiakos,Larisa,3,0,9,2,1,3,0,0,18,3,6,1,9,20,,,Football-Data.co.uk,PENDING_MANUAL_REVIEW,,
1885974237,2025,2025-12-08,Panserraikos,Panetolikos,0,1,2,0,2,3,0,0,14,6,0,2,20,14,,,Football-Data.co.uk,PENDING_MANUAL_REVIEW,,
1536575363,2025,2025-12-07,AEK Athens FC,Atromitos,4,1,5,0,1,3,0,0,17,5,9,2,14,14,,,Football-Data.co.uk,PENDING_MANUAL_REVIEW,,
1966733485,2025,2025-12-07,PAOK,Aris Thessalonikis,3,1,7,2,2,0,0,0,19,9,6,3,11,11,,,Football-Data.co.uk,PENDING_MANUAL_REVIEW,,
1566519541,2025,2025-12-07,Larisa,Panathinaikos,2,2,4,5,4,4,0,1,10,14,4,8,11,10,,,Football-Data.co.uk,PENDING_MANUAL_REVIEW,,
1285142214,2025,2025-12-07,Asteras Tripolis,Levadeiakos,1,1,2,9,3,1,0,0,6,14,3,5,19,6,,,Football-Data.co.uk,PENDING_MANUAL_REVIEW,,
1218415963,2025,2025-12-06,Volos NFC,Kifisia,1,1,8,8,4,4,0,0,16,21,5,9,13,15,,,Football-Data.co.uk,PENDING_MANUAL_REVIEW,,
1228121349,2025,2025-12-06,Olympiakos Piraeus,OFI,3,0,7,0,0,2,0,0,32,2,12,1,16,8,,,Football-Data.co.uk,PENDING_MANUAL_REVIEW,,
1761824485,2025,2025-11-30,Panathinaikos,AEK Athens FC,2,3,5,2,4,5,1,1,14,7,5,4,18,22,,,Football-Data.co.uk,PENDING_MANUAL_REVIEW,,
1942655278,2025,2025-11-30,Levadeiakos,PAOK,2,3,2,5,0,2,0,1,13,14,5,6,14,14,,,Football-Data.co.uk,PENDING_MANUAL_REVIEW,,
1425387457,2025,2025-11-30,Atromitos,Asteras Tripolis,0,1,7,6,2,1,0,0,11,9,4,6,15,18,,,Football-Data.co.uk,PENDING_MANUAL_REVIEW,,
1333679889,2025,2025-11-30,Panetolikos,Olympiakos Piraeus,0,1,3,9,0,0,0,0,7,24,2,5,8,11,,,Football-Data.co.uk,PENDING_MANUAL_REVIEW,,
1815825560,2025,2025-11-29,Kifisia,Panserraikos,3,0,4,4,2,3,1,1,21,6,6,1,11,13,,,Football-Data.co.uk,PENDING_MANUAL_REVIEW,,
1534853892,2025,2025-11-29,Aris Thessalonikis,Larisa,2,1,7,0,4,6,0,1,18,2,8,1,14,21,,,Football-Data.co.uk,PENDING_MANUAL_REVIEW,,
1282248397,2025,2025-11-29,OFI,Volos NFC,0,1,1,5,2,3,0,0,4,16,1,4,16,23,,,Football-Data.co.uk,PENDING_MANUAL_REVIEW,,
1287940677,2025,2025-11-24,Larisa,OFI,1,2,6,3,4,3,0,0,18,8,6,4,23,13,,,Football-Data.co.uk,PENDING_MANUAL_REVIEW,,
1874233362,2025,2025-11-24,Volos NFC,Levadeiakos,1,2,2,2,3,2,0,0,20,12,5,5,17,15,,,Football-Data.co.uk,PENDING_MANUAL_REVIEW,,
1483614186,2025,2025-11-23,AEK Athens FC,Aris Thessalonikis,1,0,10,1,3,2,0,0,27,6,7,3,13,11,,,Football-Data.co.uk,PENDING_MANUAL_REVIEW,,
1653660761,2025,2025-11-23,PAOK,Kifisia,3,0,8,4,1,7,0,1,19,6,6,2,9,17,,,Football-Data.co.uk,PENDING_MANUAL_REVIEW,,
1537897276,2025,2025-11-23,Panserraikos,Panathinaikos,0,3,3,8,2,1,0,0,10,18,2,6,13,7,,,Football-Data.co.uk,PENDING_MANUAL_REVIEW,,
1847275958,2025,2025-11-22,Olympiakos Piraeus,Atromitos,3,0,7,1,0,2,0,0,27,6,7,2,5,13,,,Football-Data.co.uk,PENDING_MANUAL_REVIEW,,
1653916043,2025,2025-11-22,Asteras Tripolis,Panetolikos,1,1,3,3,2,1,0,0,6,8,3,4,9,16,,,Football-Data.co.uk,PENDING_MANUAL_REVIEW,,
1471786470,2025,2025-11-09,Panathinaikos,PAOK,2,1,3,5,5,3,0,0,6,6,3,1,16,16,,,Football-Data.co.uk,PENDING_MANUAL_REVIEW,,
1919332548,2025,2025-11-09,Atromitos,Volos NFC,0,1,7,0,2,4,0,0,23,5,4,4,16,16,,,Football-Data.co.uk,PENDING_MANUAL_REVIEW,,
1545754886,2025,2025-11-09,OFI,AEK Athens FC,0,1,0,6,2,2,0,0,4,23,0,7,17,16,,,Football-Data.co.uk,PENDING_MANUAL_REVIEW,,
1845595219,2025,2025-11-09,Levadeiakos,Panserraikos,5,2,6,4,1,4,0,0,17,8,9,2,6,11,,,Football-Data.co.uk,PENDING_MANUAL_REVIEW,,
1606961485,2025,2025-11-09,Aris Thessalonikis,Asteras Tripolis,0,0,4,6,2,6,1,0,6,12,2,4,19,23,,,Football-Data.co.uk,PENDING_MANUAL_REVIEW,,
1421921098,2025,2025-11-09,Kifisia,Olympiakos Piraeus,1,3,1,10,5,1,1,0,9,18,3,8,14,14,,,Football-Data.co.uk,PENDING_MANUAL_REVIEW,,
1627393163,2025,2025-11-08,Panetolikos,Larisa,3,0,4,2,1,1,0,0,9,16,5,3,7,9,,,Football-Data.co.uk,PENDING_MANUAL_REVIEW,,
1668592268,2025,2025-11-03,Asteras Tripolis,OFI,3,0,10,1,2,4,0,1,21,7,7,3,13,11,,,Football-Data.co.uk,PENDING_MANUAL_REVIEW,,
1658328436,2025,2025-11-02,AEK Athens FC,Panetolikos,1,0,8,2,4,2,0,0,18,5,3,1,16,12,,,Football-Data.co.uk,PENDING_MANUAL_REVIEW,,
1310304665,2025,2025-11-02,Panserraikos,PAOK,0,5,2,4,0,0,0,0,7,16,1,7,10,7,,,Football-Data.co.uk,PENDING_MANUAL_REVIEW,,
1706561726,2025,2025-11-02,Larisa,Levadeiakos,0,2,3,11,3,4,0,0,15,12,5,6,14,12,,,Football-Data.co.uk,PENDING_MANUAL_REVIEW,,
1445985841,2025,2025-11-01,Olympiakos Piraeus,Aris Thessalonikis,2,1,5,7,2,1,1,0,12,12,5,4,12,11,,,Football-Data.co.uk,PENDING_MANUAL_REVIEW,,
1495477888,2025,2025-11-01,Atromitos,Kifisia,1,2,3,9,1,4,0,0,20,23,3,8,5,18,,,Football-Data.co.uk,PENDING_MANUAL_REVIEW,,
1486142443,2025,2025-11-01,Volos NFC,Panathinaikos,1,0,0,5,5,1,0,0,5,15,2,4,16,16,,,Football-Data.co.uk,PENDING_MANUAL_REVIEW,,
1670699106,2025,2025-10-26,Olympiakos Piraeus,AEK Athens FC,2,0,4,4,3,2,0,0,11,6,5,1,9,17,,,Football-Data.co.uk,PENDING_MANUAL_REVIEW,,
1281573357,2025,2025-10-26,PAOK,Volos NFC,3,0,6,0,2,2,0,0,8,2,3,1,11,12,,,Football-Data.co.uk,PENDING_MANUAL_REVIEW,,
1381202161,2025,2025-10-26,Panathinaikos,Asteras Tripolis,2,0,6,2,3,3,0,0,17,3,6,0,17,11,,,Football-Data.co.uk,PENDING_MANUAL_REVIEW,,
1903443383,2025,2025-10-26,Levadeiakos,Aris Thessalonikis,1,1,5,7,1,3,0,0,15,8,4,2,15,19,,,Football-Data.co.uk,PENDING_MANUAL_REVIEW,,
1301724993,2025,2025-10-25,OFI,Atromitos,1,3,4,8,2,2,0,0,18,11,2,4,16,18,,,Football-Data.co.uk,PENDING_MANUAL_REVIEW,,
1297995322,2025,2025-10-25,Panserraikos,Larisa,0,2,1,6,2,3,1,0,9,20,1,7,17,18,,,Football-Data.co.uk,PENDING_MANUAL_REVIEW,,
1641861107,2025,2025-10-25,Kifisia,Panetolikos,1,1,4,4,6,1,1,0,11,12,4,3,16,14,,,Football-Data.co.uk,PENDING_MANUAL_REVIEW,,
1347407118,2025,2025-10-19,AEK Athens FC,PAOK,0,2,5,3,2,1,1,0,13,11,5,5,20,14,,,Football-Data.co.uk,PENDING_MANUAL_REVIEW,,
1810517278,2025,2025-10-19,Aris Thessalonikis,Panathinaikos,1,1,2,2,1,2,0,0,14,14,3,4,13,16,,,Football-Data.co.uk,PENDING_MANUAL_REVIEW,,
1392089363,2025,2025-10-19,Volos NFC,Panserraikos,2,1,11,2,0,3,0,0,13,7,6,3,8,19,,,Football-Data.co.uk,PENDING_MANUAL_REVIEW,,
1436461700,2025,2025-10-19,Asteras Tripolis,Kifisia,2,2,3,5,6,5,0,0,9,9,4,6,14,24,,,Football-Data.co.uk,PENDING_MANUAL_REVIEW,,
1232593558,2025,2025-10-18,Panetolikos,OFI,4,2,4,7,4,4,1,1,10,14,5,5,14,7,,,Football-Data.co.uk,PENDING_MANUAL_REVIEW,,
1799868001,2025,2025-10-18,Atromitos,Levadeiakos,2,2,1,5,6,0,0,0,7,9,4,3,19,11,,,Football-Data.co.uk,PENDING_MANUAL_REVIEW,,
1405798330,2025,2025-10-18,Larisa,Olympiakos Piraeus,0,2,1,6,3,1,0,0,4,14,2,5,14,21,,,Football-Data.co.uk,PENDING_MANUAL_REVIEW,,
1701643562,2025,2025-10-05,Panathinaikos,Atromitos,1,0,6,2,0,2,0,0,19,3,8,0,18,17,,,Football-Data.co.uk,PENDING_MANUAL_REVIEW,,
1858694699,2025,2025-10-05,PAOK,Olympiakos Piraeus,2,1,1,3,4,3,0,0,10,9,5,2,13,14,,,Football-Data.co.uk,PENDING_MANUAL_REVIEW,,
1812287782,2025,2025-10-05,Kifisia,AEK Athens FC,2,3,6,3,3,6,0,1,16,9,7,3,20,18,,,Football-Data.co.uk,PENDING_MANUAL_REVIEW,,
1321823347,2025,2025-10-05,Levadeiakos,Panetolikos,6,0,6,2,0,3,0,2,17,8,10,1,11,9,,,Football-Data.co.uk,PENDING_MANUAL_REVIEW,,
1353536093,2025,2025-10-04,Larisa,Volos NFC,2,5,10,2,4,3,0,0,15,20,5,12,16,21,,,Football-Data.co.uk,PENDING_MANUAL_REVIEW,,
1441552388,2025,2025-10-04,Panserraikos,Asteras Tripolis,2,1,2,4,5,4,0,0,10,10,2,5,25,18,,,Football-Data.co.uk,PENDING_MANUAL_REVIEW,,
1405661326,2025,2025-10-04,OFI,Aris Thessalonikis,3,0,2,5,4,0,0,0,9,12,6,6,17,19,,,Football-Data.co.uk,PENDING_MANUAL_REVIEW,,
1981469220,2025,2025-09-29,Atromitos,Larisa,1,1,2,3,1,6,0,1,14,6,3,2,17,18,,,Football-Data.co.uk,PENDING_MANUAL_REVIEW,,
1585767059,2025,2025-09-28,Panetolikos,Panathinaikos,1,2,2,5,2,3,0,0,8,12,1,5,12,16,,,Football-Data.co.uk,PENDING_MANUAL_REVIEW,,
1794220363,2025,2025-09-28,Asteras Tripolis,PAOK,3,3,4,4,7,4,1,0,9,14,8,4,9,12,,,Football-Data.co.uk,PENDING_MANUAL_REVIEW,,
1680287822,2025,2025-09-28,OFI,Kifisia,1,3,3,6,2,6,1,0,6,22,3,9,18,20,,,Football-Data.co.uk,PENDING_MANUAL_REVIEW,,
1781273040,2025,2025-09-28,AEK Athens FC,Volos NFC,1,0,2,1,3,2,0,0,14,3,2,1,16,19,,,Football-Data.co.uk,PENDING_MANUAL_REVIEW,,
1600824874,2025,2025-09-27,Aris Thessalonikis,Panserraikos,1,1,10,1,2,4,0,0,25,8,4,2,11,12,,,Football-Data.co.uk,PENDING_MANUAL_REVIEW,,
1255234627,2025,2025-09-27,Olympiakos Piraeus,Levadeiakos,3,2,10,3,2,5,0,0,19,6,5,4,13,17,,,Football-Data.co.uk,PENDING_MANUAL_REVIEW,,
1669785878,2025,2025-09-21,Panathinaikos,Olympiakos Piraeus,1,1,1,4,4,4,0,0,6,9,2,3,16,18,,,Football-Data.co.uk,PENDING_MANUAL_REVIEW,,
1384128707,2025,2025-09-21,Levadeiakos,OFI,4,0,7,3,1,3,0,2,17,5,6,2,16,19,,,Football-Data.co.uk,PENDING_MANUAL_REVIEW,,
1312534907,2025,2025-09-21,Larisa,AEK Athens FC,1,1,4,6,4,0,0,0,14,24,3,4,13,15,,,Football-Data.co.uk,PENDING_MANUAL_REVIEW,,
1382655904,2025,2025-09-20,PAOK,Panetolikos,0,0,12,1,1,5,0,1,24,3,8,2,10,19,,,Football-Data.co.uk,PENDING_MANUAL_REVIEW,,
1703093702,2025,2025-09-20,Volos NFC,Asteras Tripolis,2,1,7,3,3,4,0,0,16,11,5,4,16,21,,,Football-Data.co.uk,PENDING_MANUAL_REVIEW,,
1623029044,2025,2025-09-20,Kifisia,Aris Thessalonikis,0,1,2,4,1,3,1,0,7,15,1,4,14,20,,,Football-Data.co.uk,PENDING_MANUAL_REVIEW,,
1505262657,2025,2025-09-20,Panserraikos,Atromitos,1,1,3,7,5,3,0,0,15,11,2,2,19,21,,,Football-Data.co.uk,PENDING_MANUAL_REVIEW,,
1295657684,2025,2025-09-14,OFI,PAOK,1,2,5,2,2,1,0,0,7,14,2,4,10,16,,,Football-Data.co.uk,PENDING_MANUAL_REVIEW,,
1490208770,2025,2025-09-14,Levadeiakos,AEK Athens FC,0,1,2,8,2,2,0,0,13,19,4,6,9,20,,,Football-Data.co.uk,PENDING_MANUAL_REVIEW,,
1876460079,2025,2025-09-14,Kifisia,Panathinaikos,3,2,3,6,5,4,0,0,10,12,4,4,22,20,,,Football-Data.co.uk,PENDING_MANUAL_REVIEW,,
1246230834,2025,2025-09-14,Asteras Tripolis,Larisa,2,2,4,2,4,4,0,0,10,16,2,5,12,15,,,Football-Data.co.uk,PENDING_MANUAL_REVIEW,,
1873750682,2025,2025-09-13,Panetolikos,Volos NFC,1,2,7,3,5,6,0,0,7,10,1,2,14,16,,,Football-Data.co.uk,PENDING_MANUAL_REVIEW,,
1336775122,2025,2025-09-13,Atromitos,Aris Thessalonikis,1,2,4,7,1,2,0,0,7,11,2,5,12,17,,,Football-Data.co.uk,PENDING_MANUAL_REVIEW,,
1229676239,2025,2025-09-13,Olympiakos Piraeus,Panserraikos,5,0,11,0,0,3,0,1,29,2,12,1,8,14,,,Football-Data.co.uk,PENDING_MANUAL_REVIEW,,
1544173349,2025,2025-08-31,Panathinaikos,Levadeiakos,1,1,7,3,1,1,0,0,20,7,1,1,11,14,,,Football-Data.co.uk,PENDING_MANUAL_REVIEW,,
1611827857,2025,2025-08-31,PAOK,Atromitos,1,0,6,1,1,6,0,1,26,1,5,1,11,18,,,Football-Data.co.uk,PENDING_MANUAL_REVIEW,,
1884120671,2025,2025-08-31,AEK Athens FC,Asteras Tripolis,1,0,5,3,3,2,0,0,15,4,4,2,17,7,,,Football-Data.co.uk,PENDING_MANUAL_REVIEW,,
1790740720,2025,2025-08-30,Larisa,Kifisia,1,1,2,5,4,5,0,0,15,15,4,5,13,14,,,Football-Data.co.uk,PENDING_MANUAL_REVIEW,,
1724370660,2025,2025-08-30,Aris Thessalonikis,Panetolikos,0,2,7,2,0,6,0,0,18,12,8,4,11,16,,,Football-Data.co.uk,PENDING_MANUAL_REVIEW,,
1485702984,2025,2025-08-30,Panserraikos,OFI,0,1,3,6,2,2,0,0,13,14,1,6,12,13,,,Football-Data.co.uk,PENDING_MANUAL_REVIEW,,
1627218829,2025,2025-08-30,Volos NFC,Olympiakos Piraeus,0,2,4,8,2,0,0,0,9,14,4,7,14,14,,,Football-Data.co.uk,PENDING_MANUAL_REVIEW,,
1331257008,2025,2025-08-25,Levadeiakos,Kifisia,3,2,7,3,2,3,1,0,13,9,5,5,14,23,,,Football-Data.co.uk,PENDING_MANUAL_REVIEW,,
1292202472,2025,2025-08-24,PAOK,Larisa,1,0,9,2,1,2,0,0,19,7,7,2,8,12,,,Football-Data.co.uk,PENDING_MANUAL_REVIEW,,
1591799751,2025,2025-08-24,AEK Athens FC,Panserraikos,2,0,9,1,1,1,0,0,25,6,8,1,10,14,,,Football-Data.co.uk,PENDING_MANUAL_REVIEW,,
1235452844,2025,2025-08-23,Panetolikos,Atromitos,0,2,1,4,1,2,0,0,11,14,0,3,12,15,,,Football-Data.co.uk,PENDING_MANUAL_REVIEW,,
1427800415,2025,2025-08-23,Olympiakos Piraeus,Asteras Tripolis,2,0,12,3,0,3,0,0,22,3,3,1,10,10,,,Football-Data.co.uk,PENDING_MANUAL_REVIEW,,
1399957648,2025,2025-08-23,Aris Thessalonikis,Volos NFC,2,0,5,4,2,4,0,0,12,10,4,5,16,13,,,Football-Data.co.uk,PENDING_MANUAL_REVIEW,,
1632077729,2024,2025-05-18,Volos NFC,Kallithea,0,2,6,3,1,3,0,1,14,9,2,5,13,14,,,Football-Data.co.uk,PENDING_MANUAL_REVIEW,,
1540202916,2024,2025-05-18,Lamia,Panetolikos,1,3,2,4,5,3,2,0,9,11,2,3,9,13,,,Football-Data.co.uk,PENDING_MANUAL_REVIEW,,
1257724132,2024,2025-05-18,Panserraikos,Levadeiakos,0,1,3,5,0,1,0,0,14,19,3,4,14,16,,,Football-Data.co.uk,PENDING_MANUAL_REVIEW,,
1970428029,2024,2025-05-14,Kallithea,Panserraikos,1,1,3,2,3,3,1,0,6,13,3,3,17,12,,,Football-Data.co.uk,PENDING_MANUAL_REVIEW,,
1720152663,2024,2025-05-14,Volos NFC,Lamia,3,0,4,0,3,2,0,0,18,4,6,1,20,15,,,Football-Data.co.uk,PENDING_MANUAL_REVIEW,,
1834178098,2024,2025-05-14,Levadeiakos,Panetolikos,1,2,8,5,5,3,0,0,15,10,1,2,12,15,,,Football-Data.co.uk,PENDING_MANUAL_REVIEW,,
1534861331,2024,2025-05-11,PAOK,AEK Athens FC,1,0,3,4,3,4,0,0,9,10,4,1,23,13,,,Football-Data.co.uk,PENDING_MANUAL_REVIEW,,
1474565250,2024,2025-05-11,Panathinaikos,Olympiakos Piraeus,0,1,8,5,2,3,0,0,14,9,5,6,6,16,,,Football-Data.co.uk,PENDING_MANUAL_REVIEW,,
1658188275,2024,2025-05-10,Panetolikos,Volos NFC,0,3,3,6,2,5,0,0,13,16,1,8,16,15,,,Football-Data.co.uk,PENDING_MANUAL_REVIEW,,
1867312799,2024,2025-05-10,Atromitos,OFI,0,0,4,4,2,1,0,0,11,11,4,3,23,17,,,Football-Data.co.uk,PENDING_MANUAL_REVIEW,,
1541417324,2024,2025-05-10,Aris Thessalonikis,Asteras Tripolis,4,2,2,2,1,0,0,0,12,8,7,4,16,10,,,Football-Data.co.uk,PENDING_MANUAL_REVIEW,,
1683809845,2024,2025-05-10,Lamia,Panserraikos,2,1,7,5,2,3,0,0,13,7,2,2,14,21,,,Football-Data.co.uk,PENDING_MANUAL_REVIEW,,
1387262943,2024,2025-05-10,Levadeiakos,Kallithea,4,1,2,9,1,5,0,1,15,9,9,2,15,13,,,Football-Data.co.uk,PENDING_MANUAL_REVIEW,,
1841897999,2024,2025-05-05,Lamia,Levadeiakos,2,3,4,4,1,3,0,0,7,13,3,5,11,25,,,Football-Data.co.uk,PENDING_MANUAL_REVIEW,,
1852438189,2024,2025-05-05,Kallithea,Panetolikos,0,0,10,4,2,2,0,0,14,6,2,0,13,17,,,Football-Data.co.uk,PENDING_MANUAL_REVIEW,,
1418221034,2024,2025-05-05,Panserraikos,Volos NFC,3,0,3,4,3,5,0,1,19,12,6,6,11,10,,,Football-Data.co.uk,PENDING_MANUAL_REVIEW,,
1527635343,2024,2025-05-04,AEK Athens FC,Panathinaikos,1,2,5,2,5,3,0,0,15,10,3,5,16,17,,,Football-Data.co.uk,PENDING_MANUAL_REVIEW,,
1499929062,2024,2025-05-04,Olympiakos Piraeus,PAOK,4,2,4,4,1,0,0,0,10,10,4,3,12,12,,,Football-Data.co.uk,PENDING_MANUAL_REVIEW,,
1406799144,2024,2025-05-03,OFI,Aris Thessalonikis,1,1,8,1,2,4,0,0,13,14,3,7,12,14,,,Football-Data.co.uk,PENDING_MANUAL_REVIEW,,
1274738648,2024,2025-05-03,Asteras Tripolis,Atromitos,1,4,10,2,2,2,0,0,22,7,9,5,7,18,,,Football-Data.co.uk,PENDING_MANUAL_REVIEW,,
1515711479,2024,2025-04-28,Volos NFC,Panserraikos,3,0,8,4,3,6,0,0,14,8,6,3,11,21,,,Football-Data.co.uk,PENDING_MANUAL_REVIEW,,
1749737521,2024,2025-04-28,Levadeiakos,Lamia,0,0,3,3,2,1,0,0,11,2,2,0,15,14,,,Football-Data.co.uk,PENDING_MANUAL_REVIEW,,
1561274715,2024,2025-04-28,Panetolikos,Kallithea,0,1,2,6,2,5,0,0,10,8,4,6,5,18,,,Football-Data.co.uk,PENDING_MANUAL_REVIEW,,
1833316487,2024,2025-04-27,AEK Athens FC,Olympiakos Piraeus,0,2,8,1,4,2,0,0,19,6,8,3,20,21,,,Football-Data.co.uk,PENDING_MANUAL_REVIEW,,
1212948649,2024,2025-04-27,PAOK,Panathinaikos,2,1,8,2,2,2,0,0,14,2,8,1,14,13,,,Football-Data.co.uk,PENDING_MANUAL_REVIEW,,
1400404388,2024,2025-04-26,OFI,Asteras Tripolis,0,2,7,3,3,2,0,0,21,17,5,9,10,10,,,Football-Data.co.uk,PENDING_MANUAL_REVIEW,,
1206975950,2024,2025-04-26,Atromitos,Aris Thessalonikis,1,1,6,5,1,3,0,0,19,11,6,4,10,13,,,Football-Data.co.uk,PENDING_MANUAL_REVIEW,,
1204944541,2024,2025-04-23,Kallithea,Levadeiakos,0,3,4,4,1,1,0,0,12,9,3,3,11,16,,,Football-Data.co.uk,PENDING_MANUAL_REVIEW,,
1764906133,2024,2025-04-23,Panserraikos,Panetolikos,1,1,7,5,2,1,0,1,18,14,11,6,12,8,,,Football-Data.co.uk,PENDING_MANUAL_REVIEW,,
1215369063,2024,2025-04-23,Lamia,Volos NFC,1,3,0,11,3,1,0,0,3,17,1,5,15,17,,,Football-Data.co.uk,PENDING_MANUAL_REVIEW,,
1665942710,2024,2025-04-13,Olympiakos Piraeus,AEK Athens FC,1,0,5,0,2,4,1,1,8,1,2,0,13,15,,,Football-Data.co.uk,PENDING_MANUAL_REVIEW,,
1703583198,2024,2025-04-13,Aris Thessalonikis,Atromitos,1,0,7,3,1,3,0,0,5,13,3,3,14,14,,,Football-Data.co.uk,PENDING_MANUAL_REVIEW,,
1814907127,2024,2025-04-13,Panathinaikos,PAOK,3,1,4,3,2,5,0,0,10,8,5,2,13,19,,,Football-Data.co.uk,PENDING_MANUAL_REVIEW,,
1992993993,2024,2025-04-13,Asteras Tripolis,OFI,2,1,9,3,3,4,0,0,15,3,6,2,16,11,,,Football-Data.co.uk,PENDING_MANUAL_REVIEW,,
1569335678,2024,2025-04-12,Volos NFC,Levadeiakos,1,0,6,1,5,3,0,0,8,3,4,1,21,19,,,Football-Data.co.uk,PENDING_MANUAL_REVIEW,,
1613325795,2024,2025-04-12,Panserraikos,Kallithea,3,1,5,2,3,3,0,1,18,4,7,1,15,13,,,Football-Data.co.uk,PENDING_MANUAL_REVIEW,,
1384009210,2024,2025-04-12,Panetolikos,Lamia,1,0,3,5,1,3,0,0,15,13,2,5,13,14,,,Football-Data.co.uk,PENDING_MANUAL_REVIEW,,
1842121320,2024,2025-04-07,Atromitos,Asteras Tripolis,0,1,5,1,2,4,0,0,16,9,6,3,19,13,,,Football-Data.co.uk,PENDING_MANUAL_REVIEW,,
1823725941,2024,2025-04-06,Panathinaikos,AEK Athens FC,3,1,2,14,1,2,0,0,9,22,5,5,15,16,,,Football-Data.co.uk,PENDING_MANUAL_REVIEW,,
1792678333,2024,2025-04-06,PAOK,Olympiakos Piraeus,2,1,2,5,3,3,1,0,7,7,2,0,14,14,,,Football-Data.co.uk,PENDING_MANUAL_REVIEW,,
1492905240,2024,2025-04-06,Volos NFC,Panetolikos,0,0,3,2,3,3,0,0,13,5,3,1,16,23,,,Football-Data.co.uk,PENDING_MANUAL_REVIEW,,
1685020637,2024,2025-04-05,Lamia,Kallithea,0,2,1,4,3,3,0,0,4,12,1,3,13,14,,,Football-Data.co.uk,PENDING_MANUAL_REVIEW,,
1963871262,2024,2025-04-05,Aris Thessalonikis,OFI,2,0,9,2,0,1,0,0,20,6,9,1,8,14,,,Football-Data.co.uk,PENDING_MANUAL_REVIEW,,
1509581011,2024,2025-04-05,Levadeiakos,Panserraikos,3,0,3,5,1,8,0,0,21,6,11,0,12,13,,,Football-Data.co.uk,PENDING_MANUAL_REVIEW,,
1312035088,2024,2025-03-30,Olympiakos Piraeus,Panathinaikos,4,2,3,0,1,3,0,1,11,8,7,3,20,18,,,Football-Data.co.uk,PENDING_MANUAL_REVIEW,,
1251684633,2024,2025-03-30,AEK Athens FC,PAOK,2,3,3,1,0,5,0,0,12,8,2,3,10,17,,,Football-Data.co.uk,PENDING_MANUAL_REVIEW,,
1846429825,2024,2025-03-30,Panserraikos,Lamia,1,1,8,3,1,6,0,0,15,10,4,2,13,17,,,Football-Data.co.uk,PENDING_MANUAL_REVIEW,,
1734565480,2024,2025-03-29,Panetolikos,Levadeiakos,1,2,2,4,3,1,0,0,5,19,2,3,17,12,,,Football-Data.co.uk,PENDING_MANUAL_REVIEW,,
1818513127,2024,2025-03-29,Asteras Tripolis,Aris Thessalonikis,0,2,3,3,1,4,1,0,5,15,2,4,6,10,,,Football-Data.co.uk,PENDING_MANUAL_REVIEW,,
1895460963,2024,2025-03-29,Kallithea,Volos NFC,1,1,4,4,7,3,1,0,9,7,3,4,17,14,,,Football-Data.co.uk,PENDING_MANUAL_REVIEW,,
1411351816,2024,2025-03-29,OFI,Atromitos,1,2,7,2,1,3,0,1,14,13,2,5,13,17,,,Football-Data.co.uk,PENDING_MANUAL_REVIEW,,
1948062983,2024,2025-03-09,Panetolikos,Levadeiakos,0,0,4,4,2,3,0,0,19,14,5,3,15,10,,,Football-Data.co.uk,PENDING_MANUAL_REVIEW,,
1814310744,2024,2025-03-09,Olympiakos Piraeus,OFI,1,0,9,1,0,3,0,1,23,5,9,2,10,10,,,Football-Data.co.uk,PENDING_MANUAL_REVIEW,,
1637739724,2024,2025-03-09,Atromitos,Panathinaikos,1,1,2,3,3,3,0,0,11,14,5,6,23,9,,,Football-Data.co.uk,PENDING_MANUAL_REVIEW,,
1533024508,2024,2025-03-09,Aris Thessalonikis,AEK Athens FC,0,0,4,3,2,3,0,1,5,12,2,4,15,14,,,Football-Data.co.uk,PENDING_MANUAL_REVIEW,,
1363356974,2024,2025-03-09,Lamia,Volos NFC,1,0,0,8,3,2,0,0,3,17,1,3,21,10,,,Football-Data.co.uk,PENDING_MANUAL_REVIEW,,
1327107049,2024,2025-03-09,Kallithea,PAOK,2,1,5,7,3,0,0,0,16,12,7,2,14,7,,,Football-Data.co.uk,PENDING_MANUAL_REVIEW,,
1226706266,2024,2025-03-09,Asteras Tripolis,Panserraikos,1,2,6,1,1,4,0,0,11,8,2,5,11,11,,,Football-Data.co.uk,PENDING_MANUAL_REVIEW,,
1616363909,2024,2025-03-02,AEK Athens FC,Olympiakos Piraeus,0,1,1,0,2,4,0,0,6,6,0,3,10,10,,,Football-Data.co.uk,PENDING_MANUAL_REVIEW,,
1803259097,2024,2025-03-02,PAOK,Asteras Tripolis,2,0,5,6,0,3,0,0,13,5,4,3,14,15,,,Football-Data.co.uk,PENDING_MANUAL_REVIEW,,
1661476896,2024,2025-03-02,OFI,Lamia,3,0,5,3,0,1,0,0,17,13,6,5,12,12,,,Football-Data.co.uk,PENDING_MANUAL_REVIEW,,
1264865816,2024,2025-03-02,Levadeiakos,Atromitos,1,2,7,2,2,4,0,0,12,7,4,3,13,16,,,Football-Data.co.uk,PENDING_MANUAL_REVIEW,,
1506604587,2024,2025-03-01,Panathinaikos,Panetolikos,2,0,5,4,3,1,0,0,19,10,8,2,21,16,,,Football-Data.co.uk,PENDING_MANUAL_REVIEW,,
1897400899,2024,2025-03-01,Panserraikos,Kallithea,2,1,7,3,3,5,0,1,16,12,7,5,13,15,,,Football-Data.co.uk,PENDING_MANUAL_REVIEW,,
1761567610,2024,2025-03-01,Volos NFC,Aris Thessalonikis,1,1,8,4,3,3,0,0,8,10,4,7,16,16,,,Football-Data.co.uk,PENDING_MANUAL_REVIEW,,
1461077362,2024,2025-02-23,Olympiakos Piraeus,PAOK,2,1,2,3,2,2,0,0,18,8,6,6,15,18,,,Football-Data.co.uk,PENDING_MANUAL_REVIEW,,
1442970108,2024,2025-02-23,Asteras Tripolis,AEK Athens FC,0,3,0,2,1,1,1,0,2,15,0,6,8,10,,,Football-Data.co.uk,PENDING_MANUAL_REVIEW,,
1562736056,2024,2025-02-23,Lamia,Panathinaikos,3,1,5,6,2,4,0,0,8,21,4,9,11,14,,,Football-Data.co.uk,PENDING_MANUAL_REVIEW,,
1362243719,2024,2025-02-23,Aris Thessalonikis,Panetolikos,2,1,4,6,1,3,0,0,23,7,10,1,8,12,,,Football-Data.co.uk,PENDING_MANUAL_REVIEW,,
1811496423,2024,2025-02-22,Volos NFC,Levadeiakos,1,2,4,2,5,2,0,0,8,10,1,3,16,9,,,Football-Data.co.uk,PENDING_MANUAL_REVIEW,,
1739088818,2024,2025-02-22,Atromitos,Panserraikos,1,0,6,4,1,1,0,0,15,8,5,4,15,6,,,Football-Data.co.uk,PENDING_MANUAL_REVIEW,,
1486624084,2024,2025-02-22,Kallithea,OFI,1,3,10,3,1,4,0,0,18,9,8,6,12,10,,,Football-Data.co.uk,PENDING_MANUAL_REVIEW,,
1467042974,2024,2025-02-16,Panetolikos,Kallithea,2,0,6,3,1,2,0,0,14,10,3,5,7,8,,,Football-Data.co.uk,PENDING_MANUAL_REVIEW,,
1676827688,2024,2025-02-16,PAOK,Lamia,7,0,8,3,1,1,0,0,18,5,10,1,11,6,,,Football-Data.co.uk,PENDING_MANUAL_REVIEW,,
1778357484,2024,2025-02-16,Panathinaikos,Volos NFC,2,1,6,3,3,3,0,0,18,6,7,2,25,18,,,Football-Data.co.uk,PENDING_MANUAL_REVIEW,,
1778054053,2024,2025-02-16,Panserraikos,Olympiakos Piraeus,0,4,0,7,0,1,0,0,5,20,1,10,8,9,,,Football-Data.co.uk,PENDING_MANUAL_REVIEW,,
1548353309,2024,2025-02-16,Levadeiakos,Aris Thessalonikis,4,1,6,3,0,0,0,0,13,8,6,1,10,15,,,Football-Data.co.uk,PENDING_MANUAL_REVIEW,,
1491872435,2024,2025-02-15,AEK Athens FC,Atromitos,2,1,6,0,3,3,0,0,22,7,4,3,11,11,,,Football-Data.co.uk,PENDING_MANUAL_REVIEW,,
1200527743,2024,2025-02-15,OFI,Asteras Tripolis,2,1,4,4,5,4,1,1,19,4,6,2,13,18,,,Football-Data.co.uk,PENDING_MANUAL_REVIEW,,
1670687411,2024,2025-02-10,Lamia,Levadeiakos,0,2,9,5,5,4,0,0,17,9,2,6,19,21,,,Football-Data.co.uk,PENDING_MANUAL_REVIEW,,
1648950865,2024,2025-02-10,Atromitos,Kallithea,1,2,10,6,4,5,0,0,17,11,6,3,18,19,,,Football-Data.co.uk,PENDING_MANUAL_REVIEW,,
1923363757,2024,2025-02-09,AEK Athens FC,Panserraikos,5,0,10,1,2,3,0,0,27,10,11,4,13,9,,,Football-Data.co.uk,PENDING_MANUAL_REVIEW,,
1727575815,2024,2025-02-09,Aris Thessalonikis,Panathinaikos,2,0,5,7,3,1,0,0,13,11,6,2,16,8,,,Football-Data.co.uk,PENDING_MANUAL_REVIEW,,
1367690807,2024,2025-02-09,Olympiakos Piraeus,Asteras Tripolis,1,1,12,0,3,6,0,0,24,4,5,2,13,14,,,Football-Data.co.uk,PENDING_MANUAL_REVIEW,,
1329150375,2024,2025-02-08,OFI,PAOK,0,5,4,5,2,3,1,0,6,23,1,12,10,19,,,Football-Data.co.uk,PENDING_MANUAL_REVIEW,,
1515721205,2024,2025-02-08,Volos NFC,Panetolikos,0,1,7,1,0,0,0,0,13,7,1,2,14,12,,,Football-Data.co.uk,PENDING_MANUAL_REVIEW,,
1369268843,2024,2025-02-03,Asteras Tripolis,Lamia,1,0,3,4,2,4,1,1,11,9,3,1,14,20,,,Football-Data.co.uk,PENDING_MANUAL_REVIEW,,
1815900818,2024,2025-02-02,Panetolikos,Atromitos,0,1,0,5,3,2,1,0,4,20,0,8,13,21,,,Football-Data.co.uk,PENDING_MANUAL_REVIEW,,
1705993189,2024,2025-02-02,PAOK,AEK Athens FC,1,2,3,3,3,8,0,0,10,15,5,6,10,13,,,Football-Data.co.uk,PENDING_MANUAL_REVIEW,,
1665125458,2024,2025-02-02,Kallithea,Aris Thessalonikis,0,1,10,4,4,3,0,0,16,11,1,1,15,20,,,Football-Data.co.uk,PENDING_MANUAL_REVIEW,,
1378629413,2024,2025-02-02,Levadeiakos,Olympiakos Piraeus,0,1,3,6,4,1,0,0,7,14,3,3,11,9,,,Football-Data.co.uk,PENDING_MANUAL_REVIEW,,
1871414579,2024,2025-02-01,Panserraikos,Volos NFC,1,1,4,4,6,5,0,0,8,13,4,5,14,17,,,Football-Data.co.uk,PENDING_MANUAL_REVIEW,,
1346676029,2024,2025-02-01,Panathinaikos,OFI,3,2,13,1,0,0,0,0,20,8,10,5,10,11,,,Football-Data.co.uk,PENDING_MANUAL_REVIEW,,
1366935571,2024,2025-01-26,Olympiakos Piraeus,Panathinaikos,1,1,2,2,3,7,1,1,10,8,4,4,17,17,,,Football-Data.co.uk,PENDING_MANUAL_REVIEW,,
1551553445,2024,2025-01-26,PAOK,Levadeiakos,1,0,10,3,0,4,0,0,13,10,1,5,10,11,,,Football-Data.co.uk,PENDING_MANUAL_REVIEW,,
1865760709,2024,2025-01-26,Lamia,Aris Thessalonikis,0,2,3,7,1,2,1,0,5,18,1,8,7,16,,,Football-Data.co.uk,PENDING_MANUAL_REVIEW,,
1809577611,2024,2025-01-25,AEK Athens FC,Panetolikos,1,0,7,4,1,3,0,0,15,5,4,1,15,8,,,Football-Data.co.uk,PENDING_MANUAL_REVIEW,,
1765919266,2024,2025-01-25,Asteras Tripolis,Kallithea,1,0,7,3,3,3,0,1,15,8,5,3,15,8,,,Football-Data.co.uk,PENDING_MANUAL_REVIEW,,
1659634544,2024,2025-01-25,OFI,Panserraikos,3,2,9,8,7,3,1,0,22,16,10,5,14,16,,,Football-Data.co.uk,PENDING_MANUAL_REVIEW,,
1573618635,2024,2025-01-24,Volos NFC,Atromitos,0,1,4,2,5,3,0,1,9,6,2,2,23,21,,,Football-Data.co.uk,PENDING_MANUAL_REVIEW,,
1822650614,2024,2025-01-20,Panserraikos,Lamia,2,0,4,3,2,3,0,0,17,8,6,1,19,15,,,Football-Data.co.uk,PENDING_MANUAL_REVIEW,,
1264455515,2024,2025-01-19,Panathinaikos,AEK Athens FC,1,0,0,7,4,2,0,0,5,9,2,2,14,15,,,Football-Data.co.uk,PENDING_MANUAL_REVIEW,,
1458631326,2024,2025-01-19,Aris Thessalonikis,PAOK,0,0,5,3,1,1,0,0,12,15,2,5,8,15,,,Football-Data.co.uk,PENDING_MANUAL_REVIEW,,
1954376720,2024,2025-01-19,Panetolikos,OFI,1,0,4,4,1,6,0,0,10,9,4,4,13,14,,,Football-Data.co.uk,PENDING_MANUAL_REVIEW,,
1300793220,2024,2025-01-19,Levadeiakos,Asteras Tripolis,1,2,2,5,1,4,0,0,6,10,3,3,16,22,,,Football-Data.co.uk,PENDING_MANUAL_REVIEW,,
1314386522,2024,2025-01-19,Atromitos,Olympiakos Piraeus,1,2,3,5,1,2,0,0,5,17,2,8,13,9,,,Football-Data.co.uk,PENDING_MANUAL_REVIEW,,
1348696754,2024,2025-01-18,Kallithea,Volos NFC,2,0,3,3,3,2,0,0,13,13,4,2,10,28,,,Football-Data.co.uk,PENDING_MANUAL_REVIEW,,
1641650791,2024,2025-01-13,Asteras Tripolis,Panetolikos,2,0,4,4,1,2,0,0,9,11,4,6,12,13,,,Football-Data.co.uk,PENDING_MANUAL_REVIEW,,
1377201010,2024,2025-01-13,OFI,Levadeiakos,0,0,3,5,2,7,0,0,23,11,5,3,10,15,,,Football-Data.co.uk,PENDING_MANUAL_REVIEW,,
1670866968,2024,2025-01-12,AEK Athens FC,Kallithea,2,0,9,3,2,3,1,0,25,6,4,1,14,15,,,Football-Data.co.uk,PENDING_MANUAL_REVIEW,,
1464960689,2024,2025-01-12,PAOK,Volos NFC,1,2,15,3,2,2,0,0,17,9,4,6,6,11,,,Football-Data.co.uk,PENDING_MANUAL_REVIEW,,
1281335248,2024,2025-01-12,Lamia,Atromitos,0,3,6,1,2,3,0,0,11,8,2,5,15,16,,,Football-Data.co.uk,PENDING_MANUAL_REVIEW,,
1352133454,2024,2025-01-12,Panserraikos,Panathinaikos,2,2,1,6,5,2,0,1,10,12,3,5,18,12,,,Football-Data.co.uk,PENDING_MANUAL_REVIEW,,
1239976828,2024,2025-01-11,Olympiakos Piraeus,Aris Thessalonikis,2,1,6,0,2,3,0,1,15,5,5,3,10,11,,,Football-Data.co.uk,PENDING_MANUAL_REVIEW,,
1609028437,2024,2025-01-06,Panetolikos,Olympiakos Piraeus,0,2,0,8,3,1,1,0,4,18,1,6,11,15,,,Football-Data.co.uk,PENDING_MANUAL_REVIEW,,
1262290427,2024,2025-01-05,Panathinaikos,PAOK,2,1,9,2,1,5,0,1,19,3,10,2,13,17,,,Football-Data.co.uk,PENDING_MANUAL_REVIEW,,
1474091975,2024,2025-01-05,Atromitos,Asteras Tripolis,0,1,4,8,2,4,0,0,7,13,1,1,13,13,,,Football-Data.co.uk,PENDING_MANUAL_REVIEW,,
1760688098,2024,2025-01-05,Volos NFC,AEK Athens FC,2,4,3,5,1,2,0,0,7,19,4,9,16,14,,,Football-Data.co.uk,PENDING_MANUAL_REVIEW,,
1808997402,2024,2025-01-05,Aris Thessalonikis,OFI,0,2,12,2,5,3,2,0,10,6,2,2,16,15,,,Football-Data.co.uk,PENDING_MANUAL_REVIEW,,
1839266598,2024,2025-01-05,Levadeiakos,Panserraikos,1,0,5,4,5,2,1,1,19,6,3,0,10,16,,,Football-Data.co.uk,PENDING_MANUAL_REVIEW,,
1711114465,2024,2025-01-04,Kallithea,Lamia,2,1,3,4,0,0,0,1,12,9,4,4,14,9,,,Football-Data.co.uk,PENDING_MANUAL_REVIEW,,
1233456048,2024,2024-12-23,OFI,Volos NFC,4,0,3,5,6,4,0,1,11,7,7,2,22,9,,,Football-Data.co.uk,PENDING_MANUAL_REVIEW,,
1847009275,2024,2024-12-23,Asteras Tripolis,Aris Thessalonikis,2,1,1,3,1,3,0,0,17,12,12,8,19,19,,,Football-Data.co.uk,PENDING_MANUAL_REVIEW,,
1450240760,2024,2024-12-22,AEK Athens FC,Levadeiakos,1,1,9,2,2,7,0,0,26,4,10,2,18,14,,,Football-Data.co.uk,PENDING_MANUAL_REVIEW,,
1610500755,2024,2024-12-22,PAOK,Atromitos,3,0,7,6,2,4,0,1,12,4,7,1,10,15,,,Football-Data.co.uk,PENDING_MANUAL_REVIEW,,
1829084715,2024,2024-12-22,Panathinaikos,Kallithea,1,0,17,3,5,5,0,1,41,3,31,2,17,17,,,Football-Data.co.uk,PENDING_MANUAL_REVIEW,,
1937308729,2024,2024-12-22,Panserraikos,Panetolikos,0,0,4,6,3,1,0,0,13,11,3,4,12,10,,,Football-Data.co.uk,PENDING_MANUAL_REVIEW,,
1643568928,2024,2024-12-21,Olympiakos Piraeus,Lamia,1,0,8,0,0,3,0,0,17,5,5,3,7,12,,,Football-Data.co.uk,PENDING_MANUAL_REVIEW,,
1419403233,2024,2024-12-16,Kallithea,Olympiakos Piraeus,1,1,5,4,2,3,0,0,2,8,1,3,10,13,,,Football-Data.co.uk,PENDING_MANUAL_REVIEW,,
1219933189,2024,2024-12-15,Panetolikos,PAOK,0,1,3,7,4,3,0,0,5,11,2,8,12,14,,,Football-Data.co.uk,PENDING_MANUAL_REVIEW,,
1975411344,2024,2024-12-15,Levadeiakos,Panathinaikos,0,1,1,11,2,1,0,0,3,14,2,5,17,16,,,Football-Data.co.uk,PENDING_MANUAL_REVIEW,,
1851429522,2024,2024-12-15,Aris Thessalonikis,Panserraikos,1,0,6,3,6,5,1,0,22,15,13,11,0,0,,,Football-Data.co.uk,PENDING_MANUAL_REVIEW,,
1244361232,2024,2024-12-14,Volos NFC,Asteras Tripolis,2,1,1,10,4,2,0,0,4,12,3,6,12,16,,,Football-Data.co.uk,PENDING_MANUAL_REVIEW,,
1556583006,2024,2024-12-14,Atromitos,OFI,0,0,4,2,2,4,0,0,9,2,3,0,17,10,,,Football-Data.co.uk,PENDING_MANUAL_REVIEW,,
1535240298,2024,2024-12-14,Lamia,AEK Athens FC,0,1,2,8,2,2,0,0,2,11,1,3,15,18,,,Football-Data.co.uk,PENDING_MANUAL_REVIEW,,
1301331337,2024,2024-12-09,Kallithea,Levadeiakos,2,4,6,5,3,8,0,0,8,8,6,6,13,23,,,Football-Data.co.uk,PENDING_MANUAL_REVIEW,,
1708711544,2024,2024-12-08,Lamia,Panetolikos,0,1,5,1,2,4,0,0,11,6,9,2,14,9,,,Football-Data.co.uk,PENDING_MANUAL_REVIEW,,
1941223507,2024,2024-12-08,Asteras Tripolis,Panathinaikos,0,1,6,9,5,2,0,0,14,16,6,7,19,11,,,Football-Data.co.uk,PENDING_MANUAL_REVIEW,,
1615264191,2024,2024-12-08,OFI,AEK Athens FC,1,2,0,14,5,5,1,0,4,7,4,5,11,16,,,Football-Data.co.uk,PENDING_MANUAL_REVIEW,,
1615889579,2024,2024-12-08,Panserraikos,PAOK,1,4,4,7,3,1,1,0,4,19,3,14,10,19,,,Football-Data.co.uk,PENDING_MANUAL_REVIEW,,
1845763750,2024,2024-12-07,Aris Thessalonikis,Atromitos,2,1,1,5,3,3,0,0,12,16,10,14,26,13,,,Football-Data.co.uk,PENDING_MANUAL_REVIEW,,
1931224212,2024,2024-12-07,Olympiakos Piraeus,Volos NFC,3,0,5,1,0,2,0,0,15,1,8,0,16,11,,,Football-Data.co.uk,PENDING_MANUAL_REVIEW,,
1484556719,2024,2024-12-01,Panathinaikos,Atromitos,1,1,6,1,1,6,0,0,9,4,4,2,11,23,,,Football-Data.co.uk,PENDING_MANUAL_REVIEW,,
1501998110,2024,2024-12-01,PAOK,Kallithea,2,2,7,4,1,5,0,0,8,9,5,4,12,15,,,Football-Data.co.uk,PENDING_MANUAL_REVIEW,,
1291633493,2024,2024-12-01,OFI,Olympiakos Piraeus,0,2,4,6,2,3,0,0,10,13,3,5,17,20,,,Football-Data.co.uk,PENDING_MANUAL_REVIEW,,
1234307596,2024,2024-12-01,Panserraikos,Asteras Tripolis,2,1,7,5,2,1,0,0,20,14,15,11,9,13,,,Football-Data.co.uk,PENDING_MANUAL_REVIEW,,
1413542082,2024,2024-11-30,AEK Athens FC,Aris Thessalonikis,4,0,7,0,2,3,0,0,20,3,5,0,17,20,,,Football-Data.co.uk,PENDING_MANUAL_REVIEW,,
1485144615,2024,2024-11-30,Levadeiakos,Panetolikos,1,1,5,0,7,5,1,1,8,4,2,4,18,14,,,Football-Data.co.uk,PENDING_MANUAL_REVIEW,,
1516215304,2024,2024-11-30,Volos NFC,Lamia,0,0,6,4,4,3,0,0,10,9,6,4,18,19,,,Football-Data.co.uk,PENDING_MANUAL_REVIEW,,
1521041837,2024,2024-11-25,Atromitos,Levadeiakos,2,1,4,6,1,4,0,0,5,8,5,4,10,14,,,Football-Data.co.uk,PENDING_MANUAL_REVIEW,,
1796262663,2024,2024-11-24,Olympiakos Piraeus,AEK Athens FC,4,1,2,0,3,1,0,1,11,6,9,3,13,10,,,Football-Data.co.uk,PENDING_MANUAL_REVIEW,,
1205257489,2024,2024-11-24,Asteras Tripolis,PAOK,1,2,4,4,2,1,0,0,5,12,4,7,15,15,,,Football-Data.co.uk,PENDING_MANUAL_REVIEW,,
1884013725,2024,2024-11-24,Panetolikos,Panathinaikos,1,2,2,8,4,3,1,0,19,16,14,12,2,3,,,Football-Data.co.uk,PENDING_MANUAL_REVIEW,,
1335862456,2024,2024-11-23,Aris Thessalonikis,Volos NFC,0,1,3,0,3,4,0,0,9,2,1,2,16,28,,,Football-Data.co.uk,PENDING_MANUAL_REVIEW,,
1453974782,2024,2024-11-23,Lamia,OFI,1,1,5,6,1,2,0,0,10,9,3,5,23,16,,,Football-Data.co.uk,PENDING_MANUAL_REVIEW,,
1306849582,2024,2024-11-22,Kallithea,Panserraikos,1,2,8,1,5,5,1,0,17,14,6,4,21,16,,,Football-Data.co.uk,PENDING_MANUAL_REVIEW,,
1272048400,2024,2024-11-10,PAOK,Olympiakos Piraeus,2,3,4,5,2,1,0,0,11,15,5,12,5,10,,,Football-Data.co.uk,PENDING_MANUAL_REVIEW,,
1321984147,2024,2024-11-10,Panathinaikos,Lamia,1,0,7,1,3,4,0,1,11,3,5,3,15,16,,,Football-Data.co.uk,PENDING_MANUAL_REVIEW,,
1695429461,2024,2024-11-10,Levadeiakos,Volos NFC,3,2,6,1,2,3,0,0,13,3,7,2,18,24,,,Football-Data.co.uk,PENDING_MANUAL_REVIEW,,
1774097512,2024,2024-11-10,OFI,Kallithea,2,2,2,7,2,2,0,0,9,20,6,8,17,17,,,Football-Data.co.uk,PENDING_MANUAL_REVIEW,,
1624162919,2024,2024-11-09,AEK Athens FC,Asteras Tripolis,3,0,6,0,0,3,0,2,26,2,15,0,21,14,,,Football-Data.co.uk,PENDING_MANUAL_REVIEW,,
1786821842,2024,2024-11-09,Panserraikos,Atromitos,2,3,3,3,4,2,0,0,9,5,5,4,22,15,,,Football-Data.co.uk,PENDING_MANUAL_REVIEW,,
1712553474,2024,2024-11-09,Panetolikos,Aris Thessalonikis,2,1,7,4,2,2,0,1,8,5,4,2,15,7,,,Football-Data.co.uk,PENDING_MANUAL_REVIEW,,
1367396642,2024,2024-11-04,Asteras Tripolis,OFI,3,0,6,5,3,4,0,0,10,11,6,4,10,12,,,Football-Data.co.uk,PENDING_MANUAL_REVIEW,,
1725409325,2024,2024-11-03,Atromitos,AEK Athens FC,0,1,5,2,1,3,0,0,7,6,3,2,17,15,,,Football-Data.co.uk,PENDING_MANUAL_REVIEW,,
1372700999,2024,2024-11-03,Lamia,PAOK,1,2,1,9,2,1,0,0,6,14,4,8,16,11,,,Football-Data.co.uk,PENDING_MANUAL_REVIEW,,
1292222962,2024,2024-11-03,Volos NFC,Panathinaikos,0,1,2,6,4,3,1,0,9,11,2,5,15,22,,,Football-Data.co.uk,PENDING_MANUAL_REVIEW,,
1269563101,2024,2024-11-03,Aris Thessalonikis,Levadeiakos,3,1,0,5,3,4,0,0,10,8,7,5,21,16,,,Football-Data.co.uk,PENDING_MANUAL_REVIEW,,
1601053368,2024,2024-11-02,Kallithea,Panetolikos,1,1,6,5,0,1,0,0,16,7,5,3,12,16,,,Football-Data.co.uk,PENDING_MANUAL_REVIEW,,
1869480688,2024,2024-11-02,Olympiakos Piraeus,Panserraikos,2,1,8,1,0,2,0,0,15,5,10,2,8,18,,,Football-Data.co.uk,PENDING_MANUAL_REVIEW,,
1270476861,2024,2024-10-27,Kallithea,Atromitos,0,3,4,7,2,4,0,0,6,13,3,7,23,14,,,Football-Data.co.uk,PENDING_MANUAL_REVIEW,,
1592187670,2024,2024-10-27,PAOK,OFI,1,2,5,4,4,4,0,0,11,9,6,5,15,18,,,Football-Data.co.uk,PENDING_MANUAL_REVIEW,,
1856868555,2024,2024-10-27,Panathinaikos,Aris Thessalonikis,1,1,5,2,2,3,0,0,10,8,5,1,12,14,,,Football-Data.co.uk,PENDING_MANUAL_REVIEW,,
1334909290,2024,2024-10-27,Asteras Tripolis,Olympiakos Piraeus,1,0,3,8,4,1,0,0,8,19,6,7,12,5,,,Football-Data.co.uk,PENDING_MANUAL_REVIEW,,
1894212809,2024,2024-10-26,Panserraikos,AEK Athens FC,1,0,2,11,2,3,1,0,3,11,2,5,10,10,,,Football-Data.co.uk,PENDING_MANUAL_REVIEW,,
1605048189,2024,2024-10-26,Levadeiakos,Lamia,2,2,3,2,3,1,0,0,9,12,6,4,14,15,,,Football-Data.co.uk,PENDING_MANUAL_REVIEW,,
1750384781,2024,2024-10-26,Panetolikos,Volos NFC,0,1,2,5,7,4,1,0,8,15,4,4,14,24,,,Football-Data.co.uk,PENDING_MANUAL_REVIEW,,
1597873016,2024,2024-10-20,AEK Athens FC,PAOK,1,1,5,2,2,1,0,0,7,4,1,2,8,11,,,Football-Data.co.uk,PENDING_MANUAL_REVIEW,,
1657847138,2024,2024-10-20,Aris Thessalonikis,Kallithea,2,0,10,0,0,0,0,0,19,4,13,2,8,16,,,Football-Data.co.uk,PENDING_MANUAL_REVIEW,,
1322486726,2024,2024-10-20,OFI,Panathinaikos,0,1,3,4,3,3,0,0,8,6,4,3,14,17,,,Football-Data.co.uk,PENDING_MANUAL_REVIEW,,
1748375447,2024,2024-10-20,Olympiakos Piraeus,Levadeiakos,2,2,7,2,1,7,0,0,13,3,9,2,11,20,,,Football-Data.co.uk,PENDING_MANUAL_REVIEW,,
1326143904,2024,2024-10-19,Lamia,Asteras Tripolis,0,0,6,5,2,3,0,0,8,6,3,3,15,15,,,Football-Data.co.uk,PENDING_MANUAL_REVIEW,,
1408609397,2024,2024-10-19,Atromitos,Panetolikos,0,2,8,2,1,0,0,0,15,8,10,6,0,0,,,Football-Data.co.uk,PENDING_MANUAL_REVIEW,,
1370054099,2024,2024-10-19,Volos NFC,Panserraikos,0,1,8,5,3,4,0,0,11,12,7,7,9,20,,,Football-Data.co.uk,PENDING_MANUAL_REVIEW,,
1961595597,2024,2024-10-06,Panathinaikos,Olympiakos Piraeus,0,0,6,7,3,4,0,0,14,13,6,6,13,15,,,Football-Data.co.uk,PENDING_MANUAL_REVIEW,,
1934197919,2024,2024-10-06,Levadeiakos,PAOK,0,2,3,3,5,5,0,0,7,7,0,5,10,16,,,Football-Data.co.uk,PENDING_MANUAL_REVIEW,,
1453684373,2024,2024-10-06,Kallithea,Asteras Tripolis,1,3,1,1,2,4,1,0,5,9,2,6,14,13,,,Football-Data.co.uk,PENDING_MANUAL_REVIEW,,
1429990609,2024,2024-10-06,Panserraikos,OFI,2,3,7,4,3,2,0,0,15,13,11,9,14,19,,,Football-Data.co.uk,PENDING_MANUAL_REVIEW,,
1568313524,2024,2024-10-05,Aris Thessalonikis,Lamia,2,0,4,1,1,3,0,0,9,7,7,2,11,18,,,Football-Data.co.uk,PENDING_MANUAL_REVIEW,,
1911418978,2024,2024-10-05,Panetolikos,AEK Athens FC,1,0,4,4,4,4,0,0,9,16,6,5,14,15,,,Football-Data.co.uk,PENDING_MANUAL_REVIEW,,
1539290821,2024,2024-10-05,Atromitos,Volos NFC,1,2,5,1,1,6,1,1,9,4,3,4,13,21,,,Football-Data.co.uk,PENDING_MANUAL_REVIEW,,
1731242858,2024,2024-09-30,Lamia,Panserraikos,1,2,6,5,1,5,1,1,10,12,2,8,9,19,,,Football-Data.co.uk,PENDING_MANUAL_REVIEW,,
1450007585,2024,2024-09-29,AEK Athens FC,Panathinaikos,2,0,6,1,6,4,0,0,15,7,4,4,20,17,,,Football-Data.co.uk,PENDING_MANUAL_REVIEW,,
1878085244,2024,2024-09-29,PAOK,Aris Thessalonikis,0,1,5,5,2,3,0,0,12,9,3,8,8,12,,,Football-Data.co.uk,PENDING_MANUAL_REVIEW,,
1466664564,2024,2024-09-29,Olympiakos Piraeus,Atromitos,2,0,5,5,2,1,0,0,12,4,7,2,19,7,,,Football-Data.co.uk,PENDING_MANUAL_REVIEW,,
1766878717,2024,2024-09-29,OFI,Panetolikos,1,2,4,2,2,4,0,0,7,10,4,4,13,14,,,Football-Data.co.uk,PENDING_MANUAL_REVIEW,,
1394138515,2024,2024-09-28,Asteras Tripolis,Levadeiakos,1,1,4,3,2,3,0,0,8,13,5,9,0,0,,,Football-Data.co.uk,PENDING_MANUAL_REVIEW,,
1314493249,2024,2024-09-28,Volos NFC,Kallithea,1,1,6,4,2,1,0,0,11,3,6,2,18,20,,,Football-Data.co.uk,PENDING_MANUAL_REVIEW,,
1385246847,2024,2024-09-22,Kallithea,AEK Athens FC,0,0,2,13,3,5,0,0,10,13,2,6,12,19,,,Football-Data.co.uk,PENDING_MANUAL_REVIEW,,
1938255377,2024,2024-09-22,Atromitos,Lamia,4,2,6,2,1,1,0,0,11,3,9,2,15,11,,,Football-Data.co.uk,PENDING_MANUAL_REVIEW,,
1570860338,2024,2024-09-22,Panathinaikos,Panserraikos,3,1,7,1,1,4,0,0,23,15,20,11,8,15,,,Football-Data.co.uk,PENDING_MANUAL_REVIEW,,
1209037966,2024,2024-09-22,Levadeiakos,OFI,1,1,4,2,3,3,0,0,13,3,5,3,21,24,,,Football-Data.co.uk,PENDING_MANUAL_REVIEW,,
1739804360,2024,2024-09-21,Panetolikos,Asteras Tripolis,1,1,1,3,4,5,0,1,10,10,3,3,11,17,,,Football-Data.co.uk,PENDING_MANUAL_REVIEW,,
1300173595,2024,2024-09-21,Aris Thessalonikis,Olympiakos Piraeus,2,1,3,5,2,4,0,0,6,9,3,4,12,18,,,Football-Data.co.uk,PENDING_MANUAL_REVIEW,,
1967906329,2024,2024-09-21,Volos NFC,PAOK,1,4,4,5,4,1,1,0,4,11,3,8,14,17,,,Football-Data.co.uk,PENDING_MANUAL_REVIEW,,
1402603907,2024,2024-09-16,AEK Athens FC,Volos NFC,2,0,3,5,2,3,0,0,9,8,6,2,14,14,,,Football-Data.co.uk,PENDING_MANUAL_REVIEW,,
1785625009,2024,2024-09-15,OFI,Aris Thessalonikis,3,2,6,7,3,2,0,0,10,15,7,6,18,18,,,Football-Data.co.uk,PENDING_MANUAL_REVIEW,,
1447766576,2024,2024-09-15,PAOK,Panathinaikos,0,0,6,4,1,3,0,0,10,5,4,4,16,13,,,Football-Data.co.uk,PENDING_MANUAL_REVIEW,,
1451023240,2024,2024-09-15,Olympiakos Piraeus,Panetolikos,0,0,8,0,0,2,0,0,20,7,5,0,7,11,,,Football-Data.co.uk,PENDING_MANUAL_REVIEW,,
1260505032,2024,2024-09-15,Panserraikos,Levadeiakos,2,2,2,5,6,4,0,1,7,8,4,6,16,17,,,Football-Data.co.uk,PENDING_MANUAL_REVIEW,,
1460564309,2024,2024-09-14,Asteras Tripolis,Atromitos,1,2,6,1,1,5,0,0,15,8,6,2,17,18,,,Football-Data.co.uk,PENDING_MANUAL_REVIEW,,
1365767686,2024,2024-09-14,Lamia,Kallithea,0,0,1,3,2,2,0,0,9,10,3,5,16,20,,,Football-Data.co.uk,PENDING_MANUAL_REVIEW,,
1529356399,2024,2024-09-01,Kallithea,Panathinaikos,2,2,9,3,4,2,0,0,16,14,7,10,27,7,,,Football-Data.co.uk,PENDING_MANUAL_REVIEW,,
1977585989,2024,2024-09-01,Atromitos,PAOK,1,2,4,2,4,3,0,0,5,6,3,4,17,16,,,Football-Data.co.uk,PENDING_MANUAL_REVIEW,,
1973681440,2024,2024-09-01,Volos NFC,OFI,1,3,7,0,3,2,0,0,10,5,3,3,26,19,,,Football-Data.co.uk,PENDING_MANUAL_REVIEW,,
1704351668,2024,2024-09-01,Levadeiakos,AEK Athens FC,0,3,1,6,3,3,0,0,9,17,5,13,10,14,,,Football-Data.co.uk,PENDING_MANUAL_REVIEW,,
1662890890,2024,2024-08-31,Panetolikos,Panserraikos,3,0,3,4,4,3,0,0,10,10,8,7,16,14,,,Football-Data.co.uk,PENDING_MANUAL_REVIEW,,
1506635114,2024,2024-08-31,Aris Thessalonikis,Asteras Tripolis,1,1,4,3,4,3,0,1,15,13,12,10,0,0,,,Football-Data.co.uk,PENDING_MANUAL_REVIEW,,
1274313839,2024,2024-08-31,Lamia,Olympiakos Piraeus,0,3,4,6,2,1,0,0,7,13,5,8,16,14,,,Football-Data.co.uk,PENDING_MANUAL_REVIEW,,
1207327494,2024,2024-08-26,Olympiakos Piraeus,Kallithea,2,1,7,3,1,2,0,0,13,8,5,4,11,16,,,Football-Data.co.uk,PENDING_MANUAL_REVIEW,,
1473756268,2024,2024-08-25,Panathinaikos,Levadeiakos,1,0,7,3,2,2,0,0,16,9,5,2,14,19,,,Football-Data.co.uk,PENDING_MANUAL_REVIEW,,
1752492506,2024,2024-08-25,PAOK,Panetolikos,2,0,4,1,2,5,0,0,17,5,10,2,17,16,,,Football-Data.co.uk,PENDING_MANUAL_REVIEW,,
1431871868,2024,2024-08-25,Asteras Tripolis,Volos NFC,0,1,13,0,3,4,0,0,17,6,3,3,10,18,,,Football-Data.co.uk,PENDING_MANUAL_REVIEW,,
1660276413,2024,2024-08-24,AEK Athens FC,Lamia,1,1,13,1,1,4,0,0,23,2,5,1,5,14,,,Football-Data.co.uk,PENDING_MANUAL_REVIEW,,
1602186772,2024,2024-08-24,Panserraikos,Aris Thessalonikis,0,1,4,2,4,6,0,0,7,11,4,7,16,20,,,Football-Data.co.uk,PENDING_MANUAL_REVIEW,,
1326444532,2024,2024-08-24,OFI,Atromitos,1,1,4,3,8,6,1,2,7,13,2,2,26,14,,,Football-Data.co.uk,PENDING_MANUAL_REVIEW,,
1765010392,2024,2024-08-19,Panetolikos,Lamia,0,1,4,3,2,7,1,1,9,11,5,5,14,19,,,Football-Data.co.uk,PENDING_MANUAL_REVIEW,,
1875466586,2024,2024-08-18,AEK Athens FC,OFI,3,0,6,1,3,2,0,0,18,4,5,1,13,12,,,Football-Data.co.uk,PENDING_MANUAL_REVIEW,,
1463643660,2024,2024-08-18,Atromitos,Aris Thessalonikis,1,1,3,4,2,3,0,0,8,10,6,2,18,19,,,Football-Data.co.uk,PENDING_MANUAL_REVIEW,,
1448508422,2024,2024-08-18,Panathinaikos,Asteras Tripolis,0,1,8,2,3,3,1,0,14,12,2,4,15,15,,,Football-Data.co.uk,PENDING_MANUAL_REVIEW,,
1230193704,2024,2024-08-18,Levadeiakos,Kallithea,0,0,2,5,3,6,0,0,12,2,3,0,16,21,,,Football-Data.co.uk,PENDING_MANUAL_REVIEW,,
1971666175,2024,2024-08-17,PAOK,Panserraikos,3,2,9,1,1,3,0,0,19,9,10,5,13,6,,,Football-Data.co.uk,PENDING_MANUAL_REVIEW,,
1428772643,2024,2024-08-17,Volos NFC,Olympiakos Piraeus,0,2,3,3,3,2,1,0,6,18,2,7,18,22,,,Football-Data.co.uk,PENDING_MANUAL_REVIEW,,
1487673361,2023,2024-05-19,AEK Athens FC,Lamia,3,0,9,5,1,1,0,0,21,4,6,1,12,12,,,Football-Data.co.uk,PENDING_MANUAL_REVIEW,,
1425392722,2023,2024-05-19,Panathinaikos,Olympiakos Piraeus,2,2,8,2,3,5,0,1,11,9,6,3,12,14,,,Football-Data.co.uk,PENDING_MANUAL_REVIEW,,
1405201746,2023,2024-05-19,Aris Thessalonikis,PAOK,1,2,1,2,4,4,0,1,16,3,3,2,13,16,,,Football-Data.co.uk,PENDING_MANUAL_REVIEW,,
1604252273,2023,2024-05-15,Olympiakos Piraeus,AEK Athens FC,2,0,7,2,2,0,0,0,15,10,6,3,10,11,,,Football-Data.co.uk,PENDING_MANUAL_REVIEW,,
1581787826,2023,2024-05-15,PAOK,Panathinaikos,4,1,4,2,2,3,0,0,8,5,7,4,9,9,,,Football-Data.co.uk,PENDING_MANUAL_REVIEW,,
1814073690,2023,2024-05-15,Lamia,Aris Thessalonikis,2,4,3,2,3,4,0,0,11,10,7,5,15,18,,,Football-Data.co.uk,PENDING_MANUAL_REVIEW,,
1707535220,2023,2024-05-12,PAOK,Olympiakos Piraeus,2,0,3,3,3,4,0,0,10,10,2,4,10,12,,,Football-Data.co.uk,PENDING_MANUAL_REVIEW,,
1882007803,2023,2024-05-11,Atromitos,Asteras Tripolis,0,1,1,4,0,2,0,0,7,11,4,5,13,19,,,Football-Data.co.uk,PENDING_MANUAL_REVIEW,,
1723877714,2023,2024-05-11,Panserraikos,Kifisia,2,0,7,5,2,2,0,0,13,13,7,6,16,12,,,Football-Data.co.uk,PENDING_MANUAL_REVIEW,,
1400644025,2023,2024-05-11,OFI,Panetolikos,1,2,3,3,1,1,0,0,15,10,5,4,12,7,,,Football-Data.co.uk,PENDING_MANUAL_REVIEW,,
1211150576,2023,2024-05-11,PAS Giannina,Volos NFC,1,1,6,2,0,0,0,0,10,8,5,4,13,9,,,Football-Data.co.uk,PENDING_MANUAL_REVIEW,,
1671351939,2023,2024-04-28,Panathinaikos,Aris Thessalonikis,0,1,9,1,5,6,0,0,21,7,9,1,14,15,,,Football-Data.co.uk,PENDING_MANUAL_REVIEW,,
1247898477,2023,2024-04-28,PAOK,AEK Athens FC,3,2,13,4,4,3,0,0,8,7,6,4,17,17,,,Football-Data.co.uk,PENDING_MANUAL_REVIEW,,
1229915717,2023,2024-04-28,Olympiakos Piraeus,Lamia,4,1,6,3,1,1,0,0,17,13,10,4,12,11,,,Football-Data.co.uk,PENDING_MANUAL_REVIEW,,
1959274709,2023,2024-04-27,Kifisia,PAS Giannina,2,3,8,4,3,5,0,0,18,12,5,4,19,19,,,Football-Data.co.uk,PENDING_MANUAL_REVIEW,,
1560553776,2023,2024-04-27,Asteras Tripolis,OFI,1,1,4,2,1,0,0,0,8,11,3,2,13,8,,,Football-Data.co.uk,PENDING_MANUAL_REVIEW,,
1429767821,2023,2024-04-27,Volos NFC,Panserraikos,1,0,5,4,6,1,0,1,14,12,7,3,20,21,,,Football-Data.co.uk,PENDING_MANUAL_REVIEW,,
1321352909,2023,2024-04-27,Panetolikos,Atromitos,1,0,3,6,5,6,1,1,10,10,5,3,15,10,,,Football-Data.co.uk,PENDING_MANUAL_REVIEW,,
1352228444,2023,2024-04-24,AEK Athens FC,Panathinaikos,3,0,4,2,0,2,0,0,16,8,7,1,20,14,,,Football-Data.co.uk,PENDING_MANUAL_REVIEW,,
1246804000,2023,2024-04-24,Aris Thessalonikis,Olympiakos Piraeus,1,1,3,11,1,1,0,0,14,18,6,11,9,19,,,Football-Data.co.uk,PENDING_MANUAL_REVIEW,,
1320493623,2023,2024-04-24,Lamia,PAOK,1,1,2,8,6,0,2,0,10,15,4,5,15,14,,,Football-Data.co.uk,PENDING_MANUAL_REVIEW,,
1894299353,2023,2024-04-21,Olympiakos Piraeus,PAOK,2,1,2,3,1,5,0,0,8,7,3,2,17,6,,,Football-Data.co.uk,PENDING_MANUAL_REVIEW,,
1266047476,2023,2024-04-21,Aris Thessalonikis,AEK Athens FC,1,2,2,9,6,2,0,0,11,28,4,12,15,16,,,Football-Data.co.uk,PENDING_MANUAL_REVIEW,,
1842538305,2023,2024-04-21,Lamia,Panathinaikos,0,5,2,4,3,2,0,0,11,17,5,10,11,19,,,Football-Data.co.uk,PENDING_MANUAL_REVIEW,,
1759052173,2023,2024-04-21,Panserraikos,PAS Giannina,2,1,6,4,3,3,0,0,12,13,5,4,12,19,,,Football-Data.co.uk,PENDING_MANUAL_REVIEW,,
1534935042,2023,2024-04-20,Asteras Tripolis,Panetolikos,0,2,10,6,1,1,0,0,9,13,2,7,16,7,,,Football-Data.co.uk,PENDING_MANUAL_REVIEW,,
1489899390,2023,2024-04-20,Atromitos,Kifisia,1,2,3,5,3,6,0,0,14,13,3,7,19,15,,,Football-Data.co.uk,PENDING_MANUAL_REVIEW,,
1767126578,2023,2024-04-20,OFI,Volos NFC,2,1,3,3,1,1,0,0,13,8,8,4,11,6,,,Football-Data.co.uk,PENDING_MANUAL_REVIEW,,
1340196541,2023,2024-04-14,AEK Athens FC,Aris Thessalonikis,2,0,4,2,2,5,0,0,16,4,7,2,21,18,,,Football-Data.co.uk,PENDING_MANUAL_REVIEW,,
1766561227,2023,2024-04-14,Panathinaikos,Lamia,3,1,7,1,0,5,0,0,22,6,6,2,8,18,,,Football-Data.co.uk,PENDING_MANUAL_REVIEW,,
1972464986,2023,2024-04-13,Kifisia,Panetolikos,0,1,2,6,1,3,0,0,19,9,3,3,11,21,,,Football-Data.co.uk,PENDING_MANUAL_REVIEW,,
1601000920,2023,2024-04-13,PAS Giannina,Asteras Tripolis,0,1,10,6,4,5,0,0,16,8,2,3,12,21,,,Football-Data.co.uk,PENDING_MANUAL_REVIEW,,
1927066239,2023,2024-04-13,Volos NFC,Atromitos,2,2,7,2,3,5,0,0,11,13,6,6,20,20,,,Football-Data.co.uk,PENDING_MANUAL_REVIEW,,
1390888104,2023,2024-04-13,Panserraikos,OFI,2,2,1,6,3,4,0,0,10,11,4,5,13,12,,,Football-Data.co.uk,PENDING_MANUAL_REVIEW,,
1838296868,2023,2024-04-07,AEK Athens FC,PAOK,2,2,3,6,6,6,0,0,10,8,4,4,13,15,,,Football-Data.co.uk,PENDING_MANUAL_REVIEW,,
1437982627,2023,2024-04-07,Aris Thessalonikis,Panathinaikos,0,2,8,1,2,3,0,0,20,10,6,3,16,17,,,Football-Data.co.uk,PENDING_MANUAL_REVIEW,,
1577009841,2023,2024-04-07,Lamia,Olympiakos Piraeus,1,5,2,4,1,1,0,0,9,21,3,11,12,17,,,Football-Data.co.uk,PENDING_MANUAL_REVIEW,,
1872832708,2023,2024-04-06,OFI,PAS Giannina,4,0,6,2,0,3,0,1,20,11,8,5,17,11,,,Football-Data.co.uk,PENDING_MANUAL_REVIEW,,
1973425823,2023,2024-04-06,Panetolikos,Volos NFC,0,1,9,3,4,2,1,1,12,5,4,1,16,22,,,Football-Data.co.uk,PENDING_MANUAL_REVIEW,,
1238562284,2023,2024-04-06,Asteras Tripolis,Kifisia,1,2,4,3,5,2,0,1,14,10,4,7,21,15,,,Football-Data.co.uk,PENDING_MANUAL_REVIEW,,
1301821636,2023,2024-04-06,Atromitos,Panserraikos,1,1,5,1,6,3,0,0,10,8,3,4,16,19,,,Football-Data.co.uk,PENDING_MANUAL_REVIEW,,
1960095049,2023,2024-04-03,Panathinaikos,AEK Athens FC,2,1,1,11,4,3,0,0,10,18,6,5,12,11,,,Football-Data.co.uk,PENDING_MANUAL_REVIEW,,
1796861952,2023,2024-04-03,PAOK,Lamia,3,1,13,3,0,3,0,0,18,6,9,1,4,17,,,Football-Data.co.uk,PENDING_MANUAL_REVIEW,,
1253307109,2023,2024-04-03,Olympiakos Piraeus,Aris Thessalonikis,3,0,9,0,2,2,0,0,16,7,9,0,11,5,,,Football-Data.co.uk,PENDING_MANUAL_REVIEW,,
1943823710,2023,2024-03-31,AEK Athens FC,Olympiakos Piraeus,1,0,2,4,3,5,0,0,10,11,5,7,15,17,,,Football-Data.co.uk,PENDING_MANUAL_REVIEW,,
1773464082,2023,2024-03-31,Aris Thessalonikis,Lamia,3,1,13,4,3,3,0,0,18,9,8,2,14,11,,,Football-Data.co.uk,PENDING_MANUAL_REVIEW,,
1815122696,2023,2024-03-31,Panathinaikos,PAOK,2,3,6,4,1,6,1,0,16,10,8,7,5,16,,,Football-Data.co.uk,PENDING_MANUAL_REVIEW,,
1309662030,2023,2024-03-30,OFI,Atromitos,0,0,5,3,3,5,0,0,14,11,4,3,10,18,,,Football-Data.co.uk,PENDING_MANUAL_REVIEW,,
1918719645,2023,2024-03-30,PAS Giannina,Panetolikos,1,1,3,2,1,1,0,0,10,11,4,4,16,20,,,Football-Data.co.uk,PENDING_MANUAL_REVIEW,,
1703655336,2023,2024-03-30,Volos NFC,Kifisia,4,1,7,2,5,4,1,0,14,11,8,7,23,8,,,Football-Data.co.uk,PENDING_MANUAL_REVIEW,,
1430597268,2023,2024-03-30,Panserraikos,Asteras Tripolis,2,0,2,3,3,7,0,0,7,13,3,1,14,17,,,Football-Data.co.uk,PENDING_MANUAL_REVIEW,,
1765357887,2023,2024-03-16,Panetolikos,Panserraikos,3,0,3,4,3,3,0,0,15,7,10,1,15,22,,,Football-Data.co.uk,PENDING_MANUAL_REVIEW,,
1200096724,2023,2024-03-16,Atromitos,PAS Giannina,3,2,2,6,1,2,0,0,8,14,6,5,11,13,,,Football-Data.co.uk,PENDING_MANUAL_REVIEW,,
1996998253,2023,2024-03-16,Kifisia,OFI,0,0,5,8,2,3,0,0,13,11,4,3,8,16,,,Football-Data.co.uk,PENDING_MANUAL_REVIEW,,
1421375186,2023,2024-03-16,Asteras Tripolis,Volos NFC,0,2,4,5,2,3,0,0,9,10,3,4,14,15,,,Football-Data.co.uk,PENDING_MANUAL_REVIEW,,
1229957510,2023,2024-03-10,PAOK,Aris Thessalonikis,0,1,7,1,2,3,0,0,14,6,4,3,13,12,,,Football-Data.co.uk,PENDING_MANUAL_REVIEW,,
1232891872,2023,2024-03-10,Olympiakos Piraeus,Panathinaikos,1,3,8,5,5,3,0,0,13,11,4,5,11,10,,,Football-Data.co.uk,PENDING_MANUAL_REVIEW,,
1257234831,2023,2024-03-10,Lamia,AEK Athens FC,0,4,1,12,4,1,0,0,2,20,0,7,14,13,,,Football-Data.co.uk,PENDING_MANUAL_REVIEW,,
1899066703,2023,2024-03-03,OFI,Panathinaikos,2,2,1,4,6,3,0,0,8,13,4,6,15,17,,,Football-Data.co.uk,PENDING_MANUAL_REVIEW,,
1881474904,2023,2024-03-03,Panserraikos,Asteras Tripolis,2,1,5,5,5,4,0,1,7,4,6,1,19,9,,,Football-Data.co.uk,PENDING_MANUAL_REVIEW,,
1674712813,2023,2024-03-03,Kifisia,Panetolikos,2,2,5,4,3,6,0,0,14,11,8,4,20,18,,,Football-Data.co.uk,PENDING_MANUAL_REVIEW,,
1636141545,2023,2024-03-03,Lamia,PAOK,0,2,1,8,2,2,0,0,4,17,2,8,13,12,,,Football-Data.co.uk,PENDING_MANUAL_REVIEW,,
1615925953,2023,2024-03-03,Aris Thessalonikis,AEK Athens FC,3,3,0,8,3,3,0,0,4,13,4,9,12,19,,,Football-Data.co.uk,PENDING_MANUAL_REVIEW,,
1433563349,2023,2024-03-03,Olympiakos Piraeus,Volos NFC,3,0,9,0,3,2,0,1,28,4,15,0,21,7,,,Football-Data.co.uk,PENDING_MANUAL_REVIEW,,
1391716287,2023,2024-03-03,PAS Giannina,Atromitos,1,1,8,2,1,1,0,1,12,8,4,4,19,16,,,Football-Data.co.uk,PENDING_MANUAL_REVIEW,,
1446942787,2023,2024-02-28,Panathinaikos,Aris Thessalonikis,2,0,3,5,2,1,0,0,9,8,4,2,18,13,,,Football-Data.co.uk,PENDING_MANUAL_REVIEW,,
1433547211,2023,2024-02-28,Panserraikos,PAOK,0,2,1,6,3,1,2,0,9,14,3,5,12,12,,,Football-Data.co.uk,PENDING_MANUAL_REVIEW,,
1576454380,2023,2024-02-28,AEK Athens FC,PAS Giannina,4,2,10,2,0,5,0,0,18,6,6,2,3,18,,,Football-Data.co.uk,PENDING_MANUAL_REVIEW,,
1876812131,2023,2024-02-28,Atromitos,Lamia,3,1,3,3,4,3,1,0,9,5,5,4,13,10,,,Football-Data.co.uk,PENDING_MANUAL_REVIEW,,
1353307267,2023,2024-02-28,Panetolikos,Olympiakos Piraeus,1,2,1,9,1,3,0,0,3,12,2,4,8,19,,,Football-Data.co.uk,PENDING_MANUAL_REVIEW,,
1905606500,2023,2024-02-28,Volos NFC,OFI,3,1,2,7,3,5,0,0,5,8,3,2,24,24,,,Football-Data.co.uk,PENDING_MANUAL_REVIEW,,
1594094586,2023,2024-02-28,Asteras Tripolis,Kifisia,3,3,8,5,2,2,0,0,18,12,10,8,14,15,,,Football-Data.co.uk,PENDING_MANUAL_REVIEW,,
1616973078,2023,2024-02-25,Panathinaikos,Kifisia,1,1,7,11,2,3,1,0,17,14,4,7,13,16,,,Football-Data.co.uk,PENDING_MANUAL_REVIEW,,
1388435215,2023,2024-02-25,Aris Thessalonikis,Volos NFC,2,0,6,1,2,6,0,0,18,2,8,2,7,19,,,Football-Data.co.uk,PENDING_MANUAL_REVIEW,,
1955999900,2023,2024-02-25,Olympiakos Piraeus,Asteras Tripolis,2,1,11,1,0,2,0,0,25,7,11,2,8,13,,,Football-Data.co.uk,PENDING_MANUAL_REVIEW,,
1393559505,2023,2024-02-25,Panetolikos,PAOK,1,3,2,5,2,0,0,0,6,18,4,5,12,14,,,Football-Data.co.uk,PENDING_MANUAL_REVIEW,,
1381651351,2023,2024-02-25,PAS Giannina,OFI,2,2,6,2,4,3,0,0,7,10,4,4,16,12,,,Football-Data.co.uk,PENDING_MANUAL_REVIEW,,
1404137516,2023,2024-02-24,Panserraikos,Atromitos,0,0,3,4,3,4,0,0,12,2,2,1,17,24,,,Football-Data.co.uk,PENDING_MANUAL_REVIEW,,
1840987070,2023,2024-02-24,Lamia,AEK Athens FC,1,3,3,4,2,1,0,0,4,14,4,7,11,16,,,Football-Data.co.uk,PENDING_MANUAL_REVIEW,,
1527762514,2023,2024-02-19,Asteras Tripolis,Panetolikos,2,2,6,3,1,4,0,0,20,11,6,8,14,16,,,Football-Data.co.uk,PENDING_MANUAL_REVIEW,,
1442960042,2023,2024-02-19,OFI,Panserraikos,4,0,3,4,4,2,0,0,11,12,5,3,18,13,,,Football-Data.co.uk,PENDING_MANUAL_REVIEW,,
1555021261,2023,2024-02-18,PAOK,Olympiakos Piraeus,1,4,3,4,2,6,0,0,13,10,4,6,10,16,,,Football-Data.co.uk,PENDING_MANUAL_REVIEW,,
1919075301,2023,2024-02-18,AEK Athens FC,Kifisia,3,0,10,0,2,3,0,1,24,2,10,0,16,8,,,Football-Data.co.uk,PENDING_MANUAL_REVIEW,,
1660575048,2023,2024-02-18,Volos NFC,PAS Giannina,1,2,4,7,5,3,0,0,10,13,4,6,19,18,,,Football-Data.co.uk,PENDING_MANUAL_REVIEW,,
1932100984,2023,2024-02-17,Panathinaikos,Lamia,2,2,12,2,1,3,0,1,27,4,7,2,20,9,,,Football-Data.co.uk,PENDING_MANUAL_REVIEW,,
1587251374,2023,2024-02-17,Atromitos,Aris Thessalonikis,0,2,0,3,4,4,0,0,10,9,2,4,11,17,,,Football-Data.co.uk,PENDING_MANUAL_REVIEW,,
1433511687,2023,2024-02-11,PAOK,AEK Athens FC,1,1,5,4,2,3,0,0,10,9,6,5,17,17,,,Football-Data.co.uk,PENDING_MANUAL_REVIEW,,
1408365370,2023,2024-02-11,Lamia,Asteras Tripolis,2,1,4,3,2,4,0,1,11,13,6,6,14,23,,,Football-Data.co.uk,PENDING_MANUAL_REVIEW,,
1476243506,2023,2024-02-11,Panserraikos,Panathinaikos,0,3,3,3,4,2,0,0,9,11,3,7,15,22,,,Football-Data.co.uk,PENDING_MANUAL_REVIEW,,
1823180529,2023,2024-02-11,Kifisia,Volos NFC,0,0,11,5,2,5,0,1,13,5,5,3,22,21,,,Football-Data.co.uk,PENDING_MANUAL_REVIEW,,
1566092026,2023,2024-02-10,Panetolikos,Atromitos,1,0,5,10,4,3,1,0,8,14,5,4,13,16,,,Football-Data.co.uk,PENDING_MANUAL_REVIEW,,
1701393247,2023,2024-02-10,PAS Giannina,Aris Thessalonikis,0,0,2,4,4,2,0,0,10,6,3,2,19,20,,,Football-Data.co.uk,PENDING_MANUAL_REVIEW,,
1546875709,2023,2024-02-10,Olympiakos Piraeus,OFI,4,0,5,2,1,2,0,0,19,6,8,0,15,14,,,Football-Data.co.uk,PENDING_MANUAL_REVIEW,,
1721251930,2023,2024-02-04,Panathinaikos,Olympiakos Piraeus,2,0,3,7,1,3,0,0,11,11,7,4,10,13,,,Football-Data.co.uk,PENDING_MANUAL_REVIEW,,
1216973305,2023,2024-02-04,Atromitos,PAOK,0,2,2,8,3,3,0,0,0,15,0,4,15,10,,,Football-Data.co.uk,PENDING_MANUAL_REVIEW,,
1851105067,2023,2024-02-04,AEK Athens FC,Asteras Tripolis,4,2,6,5,0,3,0,0,18,7,7,2,10,17,,,Football-Data.co.uk,PENDING_MANUAL_REVIEW,,
1437912411,2023,2024-02-04,PAS Giannina,Lamia,1,4,11,4,5,3,0,0,15,12,5,8,12,13,,,Football-Data.co.uk,PENDING_MANUAL_REVIEW,,
1378200749,2023,2024-02-04,OFI,Kifisia,1,2,3,6,3,4,0,0,9,11,3,4,21,11,,,Football-Data.co.uk,PENDING_MANUAL_REVIEW,,
1915847114,2023,2024-02-03,Panserraikos,Aris Thessalonikis,1,1,4,0,5,2,0,0,11,9,7,5,19,14,,,Football-Data.co.uk,PENDING_MANUAL_REVIEW,,
1366619464,2023,2024-02-03,Volos NFC,Panetolikos,1,1,5,5,2,4,0,0,9,8,6,3,23,20,,,Football-Data.co.uk,PENDING_MANUAL_REVIEW,,
1609901935,2023,2024-01-28,PAOK,Panathinaikos,2,1,3,6,4,2,0,0,9,10,4,5,9,15,,,Football-Data.co.uk,PENDING_MANUAL_REVIEW,,
1825656074,2023,2024-01-28,Olympiakos Piraeus,PAS Giannina,3,1,8,3,1,4,0,0,16,7,8,2,15,6,,,Football-Data.co.uk,PENDING_MANUAL_REVIEW,,
1576571955,2023,2024-01-28,Asteras Tripolis,Atromitos,3,1,5,3,1,0,0,0,9,10,6,2,15,8,,,Football-Data.co.uk,PENDING_MANUAL_REVIEW,,
1350820229,2023,2024-01-28,AEK Athens FC,OFI,3,0,13,4,2,1,0,0,17,9,8,4,21,7,,,Football-Data.co.uk,PENDING_MANUAL_REVIEW,,
1251784302,2023,2024-01-27,Kifisia,Aris Thessalonikis,0,1,8,3,5,6,0,0,14,6,5,4,13,11,,,Football-Data.co.uk,PENDING_MANUAL_REVIEW,,
1930193486,2023,2024-01-27,Panserraikos,Volos NFC,2,2,2,2,4,6,0,0,13,5,8,4,14,28,,,Football-Data.co.uk,PENDING_MANUAL_REVIEW,,
1237269372,2023,2024-01-27,Panetolikos,Lamia,1,2,4,5,2,5,0,0,14,13,2,5,15,14,,,Football-Data.co.uk,PENDING_MANUAL_REVIEW,,
1839038201,2023,2024-01-21,Aris Thessalonikis,Olympiakos Piraeus,1,2,1,1,2,2,0,0,3,11,1,3,12,22,,,Football-Data.co.uk,PENDING_MANUAL_REVIEW,,
1940749440,2023,2024-01-21,Panathinaikos,Asteras Tripolis,2,0,9,3,1,6,0,1,17,9,7,2,11,9,,,Football-Data.co.uk,PENDING_MANUAL_REVIEW,,
1647570442,2023,2024-01-21,Atromitos,AEK Athens FC,0,5,7,7,0,2,0,0,9,16,3,9,21,20,,,Football-Data.co.uk,PENDING_MANUAL_REVIEW,,
1338944794,2023,2024-01-21,Volos NFC,PAOK,1,5,1,5,2,1,0,0,11,14,3,7,22,11,,,Football-Data.co.uk,PENDING_MANUAL_REVIEW,,
1652010177,2023,2024-01-20,OFI,Panetolikos,1,0,1,1,2,4,0,0,4,7,1,2,19,14,,,Football-Data.co.uk,PENDING_MANUAL_REVIEW,,
1345226365,2023,2024-01-20,PAS Giannina,Panserraikos,0,2,9,5,4,3,0,0,10,11,3,6,11,13,,,Football-Data.co.uk,PENDING_MANUAL_REVIEW,,
1351437788,2023,2024-01-20,Lamia,Kifisia,4,1,6,8,1,1,0,0,11,9,6,3,12,21,,,Football-Data.co.uk,PENDING_MANUAL_REVIEW,,
1374601782,2023,2024-01-14,PAOK,PAS Giannina,4,0,9,2,0,0,0,0,19,4,9,0,11,10,,,Football-Data.co.uk,PENDING_MANUAL_REVIEW,,
1208399978,2023,2024-01-14,AEK Athens FC,Panathinaikos,2,2,7,2,3,2,0,0,15,8,5,2,17,11,,,Football-Data.co.uk,PENDING_MANUAL_REVIEW,,
1791206730,2023,2024-01-14,Asteras Tripolis,Volos NFC,1,0,6,4,2,1,0,0,10,11,2,2,18,16,,,Football-Data.co.uk,PENDING_MANUAL_REVIEW,,
1690734788,2023,2024-01-14,Kifisia,Olympiakos Piraeus,2,3,2,4,6,2,1,1,6,13,4,9,13,10,,,Football-Data.co.uk,PENDING_MANUAL_REVIEW,,
1527531280,2023,2024-01-14,Panetolikos,Aris Thessalonikis,0,4,4,6,3,1,0,0,13,15,4,7,15,18,,,Football-Data.co.uk,PENDING_MANUAL_REVIEW,,
1676822220,2023,2024-01-13,Lamia,Panserraikos,0,2,2,1,2,2,0,0,9,7,3,4,14,20,,,Football-Data.co.uk,PENDING_MANUAL_REVIEW,,
1672651608,2023,2024-01-13,Atromitos,OFI,1,1,5,7,2,4,0,0,10,12,2,4,8,20,,,Football-Data.co.uk,PENDING_MANUAL_REVIEW,,
1661495562,2023,2024-01-08,OFI,Lamia,1,1,7,1,4,3,0,0,18,4,7,3,22,20,,,Football-Data.co.uk,PENDING_MANUAL_REVIEW,,
1311601313,2023,2024-01-07,Olympiakos Piraeus,AEK Athens FC,1,2,5,9,3,3,0,0,7,10,3,3,9,16,,,Football-Data.co.uk,PENDING_MANUAL_REVIEW,,
1427531936,2023,2024-01-07,Aris Thessalonikis,PAOK,2,1,4,5,2,4,0,0,13,9,4,2,21,11,,,Football-Data.co.uk,PENDING_MANUAL_REVIEW,,
1393620696,2023,2024-01-07,PAS Giannina,Asteras Tripolis,2,1,7,3,2,0,0,0,14,9,5,3,12,17,,,Football-Data.co.uk,PENDING_MANUAL_REVIEW,,
1334837283,2023,2024-01-07,Panathinaikos,Panetolikos,2,1,4,3,2,2,0,0,12,8,5,5,18,11,,,Football-Data.co.uk,PENDING_MANUAL_REVIEW,,
1422963709,2023,2024-01-07,Panserraikos,Kifisia,1,1,3,3,2,4,0,0,8,13,1,5,9,19,,,Football-Data.co.uk,PENDING_MANUAL_REVIEW,,
1332685180,2023,2024-01-07,Volos NFC,Atromitos,1,2,2,8,4,3,0,0,7,14,4,6,16,18,,,Football-Data.co.uk,PENDING_MANUAL_REVIEW,,
1363510224,2023,2024-01-04,Atromitos,Kifisia,3,0,1,10,2,4,0,0,12,11,7,2,14,11,,,Football-Data.co.uk,PENDING_MANUAL_REVIEW,,
1971237721,2023,2024-01-04,Panetolikos,Panserraikos,3,2,4,3,2,2,0,0,18,9,6,3,20,15,,,Football-Data.co.uk,PENDING_MANUAL_REVIEW,,
1905832809,2023,2024-01-03,Panathinaikos,PAS Giannina,2,0,8,3,1,1,0,0,13,7,7,3,15,12,,,Football-Data.co.uk,PENDING_MANUAL_REVIEW,,
1734294534,2023,2024-01-03,PAOK,OFI,4,0,6,2,1,3,0,0,15,14,10,7,11,14,,,Football-Data.co.uk,PENDING_MANUAL_REVIEW,,
1592032761,2023,2024-01-03,AEK Athens FC,Volos NFC,3,0,9,3,2,5,0,0,10,4,4,2,11,21,,,Football-Data.co.uk,PENDING_MANUAL_REVIEW,,
1398040474,2023,2024-01-03,Lamia,Olympiakos Piraeus,1,0,7,5,4,1,0,0,14,13,7,5,14,12,,,Football-Data.co.uk,PENDING_MANUAL_REVIEW,,
1321892931,2023,2024-01-03,Asteras Tripolis,Aris Thessalonikis,3,2,5,1,1,2,0,0,10,8,3,3,18,14,,,Football-Data.co.uk,PENDING_MANUAL_REVIEW,,
1446755155,2023,2023-12-21,Atromitos,Olympiakos Piraeus,0,0,0,9,3,1,0,0,3,18,1,4,13,11,,,Football-Data.co.uk,PENDING_MANUAL_REVIEW,,
1448742560,2023,2023-12-21,Kifisia,PAOK,0,6,1,4,1,0,0,0,7,14,2,10,15,15,,,Football-Data.co.uk,PENDING_MANUAL_REVIEW,,
1337483586,2023,2023-12-21,OFI,Asteras Tripolis,0,2,9,4,3,1,0,0,19,14,5,6,15,7,,,Football-Data.co.uk,PENDING_MANUAL_REVIEW,,
1761069829,2023,2023-12-21,Panserraikos,AEK Athens FC,2,2,5,3,5,4,1,0,10,14,7,6,18,14,,,Football-Data.co.uk,PENDING_MANUAL_REVIEW,,
1615520754,2023,2023-12-21,PAS Giannina,Panetolikos,0,0,7,6,1,4,0,1,11,4,3,1,16,17,,,Football-Data.co.uk,PENDING_MANUAL_REVIEW,,
1254001335,2023,2023-12-20,Volos NFC,Panathinaikos,0,3,3,4,1,2,0,0,3,14,0,6,14,16,,,Football-Data.co.uk,PENDING_MANUAL_REVIEW,,
1991403389,2023,2023-12-20,Aris Thessalonikis,Lamia,2,2,10,3,1,4,0,0,22,8,11,3,17,14,,,Football-Data.co.uk,PENDING_MANUAL_REVIEW,,
1503629776,2023,2023-12-18,Panserraikos,Olympiakos Piraeus,0,1,3,5,1,4,0,0,5,13,2,3,7,16,,,Football-Data.co.uk,PENDING_MANUAL_REVIEW,,
1702518187,2023,2023-12-18,Panetolikos,AEK Athens FC,2,2,2,9,4,1,0,0,6,19,3,7,17,10,,,Football-Data.co.uk,PENDING_MANUAL_REVIEW,,
1497489660,2023,2023-12-17,Atromitos,Panathinaikos,3,2,1,7,3,2,0,0,9,12,4,4,14,16,,,Football-Data.co.uk,PENDING_MANUAL_REVIEW,,
1558000296,2023,2023-12-17,Lamia,Volos NFC,1,2,6,2,3,4,0,0,10,8,4,4,12,24,,,Football-Data.co.uk,PENDING_MANUAL_REVIEW,,
1997801155,2023,2023-12-17,Asteras Tripolis,PAOK,1,4,7,4,2,1,0,0,10,13,3,8,16,17,,,Football-Data.co.uk,PENDING_MANUAL_REVIEW,,
1356752718,2023,2023-12-17,Aris Thessalonikis,OFI,1,0,6,5,1,1,0,0,17,6,7,1,12,18,,,Football-Data.co.uk,PENDING_MANUAL_REVIEW,,
1852585034,2023,2023-12-16,Kifisia,PAS Giannina,4,2,3,7,3,5,0,1,12,9,10,5,13,19,,,Football-Data.co.uk,PENDING_MANUAL_REVIEW,,
1575703476,2023,2023-12-04,AEK Athens FC,Aris Thessalonikis,1,0,9,2,1,1,0,0,17,7,4,1,15,9,,,Football-Data.co.uk,PENDING_MANUAL_REVIEW,,
1418102408,2023,2023-12-04,PAOK,Lamia,3,0,5,5,0,1,0,0,17,11,8,6,7,9,,,Football-Data.co.uk,PENDING_MANUAL_REVIEW,,
1364702342,2023,2023-12-03,Panathinaikos,OFI,4,0,2,3,1,6,0,0,16,5,9,3,18,21,,,Football-Data.co.uk,PENDING_MANUAL_REVIEW,,
1615086022,2023,2023-12-03,Atromitos,PAS Giannina,1,1,2,2,4,2,0,0,12,9,4,3,16,7,,,Football-Data.co.uk,PENDING_MANUAL_REVIEW,,
1210585110,2023,2023-12-03,Volos NFC,Olympiakos Piraeus,2,2,2,6,7,3,1,1,10,11,4,3,16,8,,,Football-Data.co.uk,PENDING_MANUAL_REVIEW,,
1686882455,2023,2023-12-02,Asteras Tripolis,Panserraikos,1,0,5,3,4,4,0,0,9,16,2,4,17,12,,,Football-Data.co.uk,PENDING_MANUAL_REVIEW,,
1927277849,2023,2023-12-02,Panetolikos,Kifisia,3,0,5,6,2,5,0,0,14,8,7,4,17,17,,,Football-Data.co.uk,PENDING_MANUAL_REVIEW,,
1571167298,2023,2023-11-29,Volos NFC,Panserraikos,1,0,3,5,2,4,0,0,11,11,5,4,21,16,,,Football-Data.co.uk,PENDING_MANUAL_REVIEW,,
1288296529,2023,2023-11-26,Aris Thessalonikis,Panathinaikos,2,0,1,9,3,1,0,0,8,14,4,8,19,11,,,Football-Data.co.uk,PENDING_MANUAL_REVIEW,,
1938380746,2023,2023-11-26,Lamia,Atromitos,3,3,3,8,4,3,0,0,12,11,7,6,11,18,,,Football-Data.co.uk,PENDING_MANUAL_REVIEW,,
1975392217,2023,2023-11-26,PAS Giannina,AEK Athens FC,0,1,3,6,3,1,0,0,8,20,4,7,12,13,,,Football-Data.co.uk,PENDING_MANUAL_REVIEW,,
1778078450,2023,2023-11-26,Kifisia,Asteras Tripolis,1,3,7,2,2,2,0,0,17,5,6,4,17,15,,,Football-Data.co.uk,PENDING_MANUAL_REVIEW,,
1605501504,2023,2023-11-25,PAOK,Panserraikos,5,0,8,3,0,0,0,0,16,7,11,2,3,7,,,Football-Data.co.uk,PENDING_MANUAL_REVIEW,,
1784427649,2023,2023-11-25,Olympiakos Piraeus,Panetolikos,3,1,3,2,3,1,0,0,9,8,4,4,20,15,,,Football-Data.co.uk,PENDING_MANUAL_REVIEW,,
1770011830,2023,2023-11-24,OFI,Volos NFC,1,1,6,2,3,5,0,1,16,10,6,3,10,17,,,Football-Data.co.uk,PENDING_MANUAL_REVIEW,,
1664745605,2023,2023-11-12,Kifisia,Panathinaikos,0,1,0,9,1,3,0,0,4,14,2,6,13,14,,,Football-Data.co.uk,PENDING_MANUAL_REVIEW,,
1581415006,2023,2023-11-12,Asteras Tripolis,Olympiakos Piraeus,0,2,2,5,3,0,0,0,5,13,2,4,7,16,,,Football-Data.co.uk,PENDING_MANUAL_REVIEW,,
1627788403,2023,2023-11-12,AEK Athens FC,Lamia,3,0,4,4,3,3,0,0,12,5,5,1,15,15,,,Football-Data.co.uk,PENDING_MANUAL_REVIEW,,
1690547701,2023,2023-11-12,PAOK,Panetolikos,2,1,4,1,2,3,0,0,9,8,2,2,7,14,,,Football-Data.co.uk,PENDING_MANUAL_REVIEW,,
1417598243,2023,2023-11-11,Volos NFC,Aris Thessalonikis,0,2,5,7,4,2,0,0,14,7,5,3,10,18,,,Football-Data.co.uk,PENDING_MANUAL_REVIEW,,
1636811676,2023,2023-11-11,Atromitos,Panserraikos,1,1,5,1,4,4,0,0,12,7,3,2,21,20,,,Football-Data.co.uk,PENDING_MANUAL_REVIEW,,
1664245354,2023,2023-11-11,OFI,PAS Giannina,1,1,2,4,2,2,0,0,13,18,5,7,17,14,,,Football-Data.co.uk,PENDING_MANUAL_REVIEW,,
1240027525,2023,2023-11-06,Panserraikos,OFI,2,1,4,4,3,4,0,0,9,15,4,3,18,13,,,Football-Data.co.uk,PENDING_MANUAL_REVIEW,,
1456380782,2023,2023-11-05,Aris Thessalonikis,Atromitos,1,3,9,2,3,4,0,0,16,8,5,6,14,18,,,Football-Data.co.uk,PENDING_MANUAL_REVIEW,,
1414520119,2023,2023-11-05,Olympiakos Piraeus,PAOK,2,4,7,2,3,2,0,0,11,10,6,5,14,11,,,Football-Data.co.uk,PENDING_MANUAL_REVIEW,,
1888004545,2023,2023-11-05,PAS Giannina,Volos NFC,1,1,4,7,5,2,0,0,12,11,3,2,23,13,,,Football-Data.co.uk,PENDING_MANUAL_REVIEW,,
1523646824,2023,2023-11-05,Panetolikos,Asteras Tripolis,0,1,8,3,6,5,0,1,15,4,4,3,23,13,,,Football-Data.co.uk,PENDING_MANUAL_REVIEW,,
1815160803,2023,2023-11-04,Kifisia,AEK Athens FC,1,1,5,8,2,2,0,0,7,18,2,6,10,13,,,Football-Data.co.uk,PENDING_MANUAL_REVIEW,,
1640547348,2023,2023-11-04,Lamia,Panathinaikos,1,2,3,3,3,6,0,1,13,9,4,6,17,16,,,Football-Data.co.uk,PENDING_MANUAL_REVIEW,,
1944640032,2023,2023-10-30,OFI,Olympiakos Piraeus,0,2,2,3,1,3,0,0,4,13,0,3,7,18,,,Football-Data.co.uk,PENDING_MANUAL_REVIEW,,
1667855972,2023,2023-10-30,AEK Athens FC,PAOK,2,0,5,2,4,5,0,0,15,4,3,2,14,9,,,Football-Data.co.uk,PENDING_MANUAL_REVIEW,,
1813283358,2023,2023-10-29,Aris Thessalonikis,PAS Giannina,2,0,6,1,4,2,0,1,17,2,7,0,11,9,,,Football-Data.co.uk,PENDING_MANUAL_REVIEW,,
1946135186,2023,2023-10-29,Panathinaikos,Panserraikos,5,0,7,1,2,4,0,1,13,7,6,1,22,11,,,Football-Data.co.uk,PENDING_MANUAL_REVIEW,,
1297041555,2023,2023-10-29,Asteras Tripolis,Lamia,0,1,5,2,2,3,0,0,11,10,5,4,14,10,,,Football-Data.co.uk,PENDING_MANUAL_REVIEW,,
1842366902,2023,2023-10-28,Atromitos,Panetolikos,3,2,1,2,2,2,0,1,10,6,5,3,19,16,,,Football-Data.co.uk,PENDING_MANUAL_REVIEW,,
1713840727,2023,2023-10-28,Volos NFC,Kifisia,2,1,4,8,4,6,0,2,17,9,6,2,12,17,,,Football-Data.co.uk,PENDING_MANUAL_REVIEW,,
1544694948,2023,2023-10-22,PAOK,Atromitos,2,0,8,1,3,3,0,0,15,6,5,3,16,13,,,Football-Data.co.uk,PENDING_MANUAL_REVIEW,,
1865373146,2023,2023-10-22,Kifisia,OFI,0,0,5,4,2,6,1,0,8,9,2,3,8,16,,,Football-Data.co.uk,PENDING_MANUAL_REVIEW,,
1310274586,2023,2023-10-22,Asteras Tripolis,AEK Athens FC,0,3,2,3,6,5,1,0,4,15,1,5,8,9,,,Football-Data.co.uk,PENDING_MANUAL_REVIEW,,
1315237983,2023,2023-10-21,Aris Thessalonikis,Panserraikos,1,0,8,2,3,6,0,0,20,5,6,2,15,18,,,Football-Data.co.uk,PENDING_MANUAL_REVIEW,,
1565779484,2023,2023-10-21,Panetolikos,Volos NFC,2,0,3,6,2,3,0,0,13,11,6,1,18,8,,,Football-Data.co.uk,PENDING_MANUAL_REVIEW,,
1352916648,2023,2023-10-20,Lamia,PAS Giannina,2,1,4,3,3,3,0,0,15,12,7,2,17,13,,,Football-Data.co.uk,PENDING_MANUAL_REVIEW,,
1228267890,2023,2023-10-08,Panathinaikos,Atromitos,5,0,2,1,0,1,1,1,14,5,10,1,15,8,,,Football-Data.co.uk,PENDING_MANUAL_REVIEW,,
1398261447,2023,2023-10-08,AEK Athens FC,Panetolikos,3,0,9,5,0,2,0,0,23,7,9,4,10,15,,,Football-Data.co.uk,PENDING_MANUAL_REVIEW,,
1228912036,2023,2023-10-02,OFI,AEK Athens FC,2,0,2,4,4,3,0,0,7,14,5,4,10,17,,,Football-Data.co.uk,PENDING_MANUAL_REVIEW,,
1244139333,2023,2023-10-02,Atromitos,Asteras Tripolis,0,0,4,5,1,5,1,0,8,8,1,4,8,22,,,Football-Data.co.uk,PENDING_MANUAL_REVIEW,,
1821912081,2023,2023-10-01,PAS Giannina,Olympiakos Piraeus,0,3,2,6,3,2,0,0,5,25,0,9,10,14,,,Football-Data.co.uk,PENDING_MANUAL_REVIEW,,
1491082967,2023,2023-10-01,Panathinaikos,PAOK,2,2,7,2,2,4,0,0,22,5,13,2,10,13,,,Football-Data.co.uk,PENDING_MANUAL_REVIEW,,
1392814342,2023,2023-10-01,Aris Thessalonikis,Kifisia,1,1,5,3,2,7,0,0,12,10,6,4,13,20,,,Football-Data.co.uk,PENDING_MANUAL_REVIEW,,
1340917685,2023,2023-10-01,Lamia,Panetolikos,1,0,2,5,2,4,0,0,7,13,3,1,16,18,,,Football-Data.co.uk,PENDING_MANUAL_REVIEW,,
1351883581,2023,2023-09-28,AEK Athens FC,Atromitos,2,1,6,1,2,4,1,0,18,5,8,2,9,10,,,Football-Data.co.uk,PENDING_MANUAL_REVIEW,,
1973942704,2023,2023-09-28,Asteras Tripolis,Panathinaikos,1,4,2,4,3,1,0,0,9,9,4,7,7,9,,,Football-Data.co.uk,PENDING_MANUAL_REVIEW,,
1909346230,2023,2023-09-28,Panserraikos,PAS Giannina,3,2,4,4,5,3,0,1,12,6,6,3,10,11,,,Football-Data.co.uk,PENDING_MANUAL_REVIEW,,
1349092491,2023,2023-09-27,Olympiakos Piraeus,Aris Thessalonikis,4,1,8,1,2,0,0,0,20,7,5,1,17,7,,,Football-Data.co.uk,PENDING_MANUAL_REVIEW,,
1217065376,2023,2023-09-27,PAOK,Volos NFC,3,0,5,3,0,1,0,0,17,5,10,2,14,13,,,Football-Data.co.uk,PENDING_MANUAL_REVIEW,,
1527417498,2023,2023-09-27,Kifisia,Lamia,1,1,6,8,4,3,1,0,17,8,4,4,14,12,,,Football-Data.co.uk,PENDING_MANUAL_REVIEW,,
1273103999,2023,2023-09-27,Panetolikos,OFI,1,1,3,7,2,2,0,0,18,21,6,10,7,13,,,Football-Data.co.uk,PENDING_MANUAL_REVIEW,,
1692809912,2023,2023-09-25,Panathinaikos,AEK Athens FC,1,2,6,6,3,4,0,0,10,15,5,4,13,21,,,Football-Data.co.uk,PENDING_MANUAL_REVIEW,,
1552933423,2023,2023-09-24,PAS Giannina,PAOK,1,3,8,6,4,2,0,0,10,10,3,5,10,9,,,Football-Data.co.uk,PENDING_MANUAL_REVIEW,,
1411066033,2023,2023-09-24,Volos NFC,Asteras Tripolis,1,2,1,5,4,3,0,0,13,16,7,6,18,18,,,Football-Data.co.uk,PENDING_MANUAL_REVIEW,,
1300061024,2023,2023-09-24,Aris Thessalonikis,Panetolikos,3,0,6,5,0,2,0,0,14,5,6,3,10,8,,,Football-Data.co.uk,PENDING_MANUAL_REVIEW,,
1867979531,2023,2023-09-24,Olympiakos Piraeus,Kifisia,4,0,7,1,1,2,0,0,13,8,7,2,18,11,,,Football-Data.co.uk,PENDING_MANUAL_REVIEW,,
1971130780,2023,2023-09-23,Panserraikos,Lamia,2,0,3,1,1,2,0,0,14,4,7,1,14,19,,,Football-Data.co.uk,PENDING_MANUAL_REVIEW,,
1213944689,2023,2023-09-23,OFI,Atromitos,1,1,8,4,3,4,0,0,16,9,5,4,13,18,,,Football-Data.co.uk,PENDING_MANUAL_REVIEW,,
1753526738,2023,2023-09-18,Atromitos,Volos NFC,1,1,4,1,3,2,0,0,8,10,1,1,13,19,,,Football-Data.co.uk,PENDING_MANUAL_REVIEW,,
1234126575,2023,2023-09-17,AEK Athens FC,Olympiakos Piraeus,1,1,5,5,2,4,0,0,9,7,4,3,15,21,,,Football-Data.co.uk,PENDING_MANUAL_REVIEW,,
1924453835,2023,2023-09-17,PAOK,Aris Thessalonikis,0,0,7,1,4,3,0,0,10,8,3,4,17,13,,,Football-Data.co.uk,PENDING_MANUAL_REVIEW,,
1244350561,2023,2023-09-17,Kifisia,Panserraikos,4,4,3,3,3,5,0,1,19,9,6,4,16,22,,,Football-Data.co.uk,PENDING_MANUAL_REVIEW,,
1208090195,2023,2023-09-17,Asteras Tripolis,PAS Giannina,2,2,8,1,2,3,0,0,10,7,4,6,15,9,,,Football-Data.co.uk,PENDING_MANUAL_REVIEW,,
1359799325,2023,2023-09-16,Panetolikos,Panathinaikos,0,5,3,6,2,1,0,0,11,18,4,10,10,13,,,Football-Data.co.uk,PENDING_MANUAL_REVIEW,,
1283849625,2023,2023-09-16,Lamia,OFI,2,2,6,7,1,3,0,0,7,12,2,4,7,16,,,Football-Data.co.uk,PENDING_MANUAL_REVIEW,,
1809461467,2023,2023-09-03,PAS Giannina,Panathinaikos,0,1,2,8,6,2,0,0,11,11,4,2,11,19,,,Football-Data.co.uk,PENDING_MANUAL_REVIEW,,
1932120642,2023,2023-09-03,Volos NFC,AEK Athens FC,2,3,3,8,4,1,0,1,7,11,5,7,18,17,,,Football-Data.co.uk,PENDING_MANUAL_REVIEW,,
1861717889,2023,2023-09-03,Aris Thessalonikis,Asteras Tripolis,3,2,3,5,1,3,0,0,10,4,6,4,14,13,,,Football-Data.co.uk,PENDING_MANUAL_REVIEW,,
1506060879,2023,2023-09-03,OFI,PAOK,1,0,1,5,4,5,0,0,7,12,2,4,20,17,,,Football-Data.co.uk,PENDING_MANUAL_REVIEW,,
1364825153,2023,2023-09-03,Olympiakos Piraeus,Lamia,4,0,5,2,2,3,0,0,17,8,8,3,14,14,,,Football-Data.co.uk,PENDING_MANUAL_REVIEW,,
1434582071,2023,2023-09-02,Panserraikos,Panetolikos,1,1,4,6,3,1,0,0,14,8,3,4,14,15,,,Football-Data.co.uk,PENDING_MANUAL_REVIEW,,
1301251286,2023,2023-09-01,Kifisia,Atromitos,2,1,5,8,3,1,0,1,14,13,7,9,14,12,,,Football-Data.co.uk,PENDING_MANUAL_REVIEW,,
1503107195,2023,2023-08-27,Olympiakos Piraeus,Atromitos,4,0,5,2,1,5,0,1,24,3,9,1,9,9,,,Football-Data.co.uk,PENDING_MANUAL_REVIEW,,
1508880397,2023,2023-08-27,PAOK,Kifisia,2,1,8,5,1,5,0,0,19,6,8,3,12,14,,,Football-Data.co.uk,PENDING_MANUAL_REVIEW,,
1501655860,2023,2023-08-27,Lamia,Aris Thessalonikis,1,0,2,2,4,4,1,0,7,7,4,3,22,16,,,Football-Data.co.uk,PENDING_MANUAL_REVIEW,,
1356160128,2023,2023-08-26,AEK Athens FC,Panserraikos,1,1,12,1,1,6,0,0,29,7,10,4,6,20,,,Football-Data.co.uk,PENDING_MANUAL_REVIEW,,
1521827823,2023,2023-08-26,Asteras Tripolis,OFI,3,0,3,4,1,3,0,0,12,16,4,6,16,16,,,Football-Data.co.uk,PENDING_MANUAL_REVIEW,,
1338839625,2023,2023-08-26,Panathinaikos,Volos NFC,3,0,6,1,1,3,0,0,14,5,8,3,16,19,,,Football-Data.co.uk,PENDING_MANUAL_REVIEW,,
1749462727,2023,2023-08-25,Panetolikos,PAS Giannina,0,0,2,3,1,4,0,0,17,8,7,2,16,19,,,Football-Data.co.uk,PENDING_MANUAL_REVIEW,,
1780053742,2023,2023-08-20,Olympiakos Piraeus,Panserraikos,2,0,8,3,3,0,0,1,29,5,3,2,19,7,,,Football-Data.co.uk,PENDING_MANUAL_REVIEW,,
1721181280,2023,2023-08-20,PAOK,Asteras Tripolis,3,0,3,1,2,1,0,0,13,9,6,2,5,12,,,Football-Data.co.uk,PENDING_MANUAL_REVIEW,,
1834486616,2023,2023-08-20,OFI,Aris Thessalonikis,3,2,3,4,5,3,0,0,13,16,4,7,25,13,,,Football-Data.co.uk,PENDING_MANUAL_REVIEW,,
1430850455,2023,2023-08-20,PAS Giannina,Kifisia,3,0,7,2,3,4,1,0,10,4,7,0,16,19,,,Football-Data.co.uk,PENDING_MANUAL_REVIEW,,
1817017730,2023,2023-08-18,Volos NFC,Lamia,2,2,7,0,3,2,0,0,8,13,4,8,13,16,,,Football-Data.co.uk,PENDING_MANUAL_REVIEW,,
